SET NAMES utf8mb4;
INSERT INTO `drh_ai_config_homework_strategy` (`id`, `strategy_name`, `sku_id`, `enabled`, `remark`, `created_by`, `updated_by`, `created_at`, `updated_at`) VALUES (50,'liuyuan-vocal-day1-comment1','5',1,'','liuyuan_config_20260601','liuyuan_config_20260601','2026-06-01 17:02:39.186','2026-06-01 19:59:44.073'),(51,'liuyuan-vocal-day2-comment1','5',1,'','liuyuan_config_20260601','liuyuan_config_20260601','2026-06-01 17:02:42.865','2026-06-01 19:59:44.073'),(52,'liuyuan-vocal-day3-comment1','5',1,'','liuyuan_config_20260601','liuyuan_config_20260601','2026-06-01 17:02:46.450','2026-06-01 19:59:44.073'),(53,'liuyuan-vocal-day4-comment1','5',1,'','liuyuan_config_20260601','liuyuan_config_20260601','2026-06-01 17:02:50.956','2026-06-01 19:59:44.073'),(54,'liuyuan-vocal-day5-comment1','5',1,'','liuyuan_config_20260601','liuyuan_config_20260601','2026-06-01 17:02:55.137','2026-06-01 19:59:44.073'),(55,'liuyuan-vocal-day6-comment1','5',1,'','liuyuan_config_20260601','liuyuan_config_20260601','2026-06-01 17:02:58.472','2026-06-01 19:59:44.073'),(56,'liuyuan-vocal-day1-comment2','5',1,'','liuyuan_config_20260601','liuyuan_config_20260601','2026-06-01 17:03:00.902','2026-06-01 19:59:44.073'),(57,'liuyuan-vocal-day2-comment2','5',1,'','liuyuan_config_20260601','liuyuan_config_20260601','2026-06-01 17:03:02.823','2026-06-01 19:59:44.073'),(58,'liuyuan-vocal-day3-comment2','5',1,'','liuyuan_config_20260601','liuyuan_config_20260601','2026-06-01 17:03:04.634','2026-06-01 19:59:44.073'),(59,'liuyuan-vocal-day4-comment2','5',1,'','liuyuan_config_20260601','liuyuan_config_20260601','2026-06-01 17:03:06.217','2026-06-01 19:59:44.073'),(60,'liuyuan-vocal-day5-comment2','5',1,'','liuyuan_config_20260601','liuyuan_config_20260601','2026-06-01 17:03:07.917','2026-06-01 19:59:44.073'),(61,'liuyuan-vocal-day6-comment2','5',1,'','liuyuan_config_20260601','liuyuan_config_20260601','2026-06-01 17:03:09.663','2026-06-01 19:59:44.073'),(62,'liuyuan-vocal-day1-comment3','5',1,'','liuyuan_config_20260601','liuyuan_config_20260601','2026-06-01 17:03:11.300','2026-06-01 19:59:44.073'),(63,'liuyuan-vocal-day2-comment3','5',1,'','liuyuan_config_20260601','liuyuan_config_20260601','2026-06-01 17:03:11.656','2026-06-01 19:59:44.073'),(64,'liuyuan-vocal-day3-comment3','5',1,'','liuyuan_config_20260601','liuyuan_config_20260601','2026-06-01 17:03:12.021','2026-06-01 19:59:44.073'),(65,'liuyuan-vocal-day4-comment3','5',1,'','liuyuan_config_20260601','liuyuan_config_20260601','2026-06-01 17:03:12.455','2026-06-01 19:59:44.073'),(66,'liuyuan-vocal-day1-comment4plus-manual','5',1,'','liuyuan_config_20260601','liuyuan_config_20260601','2026-06-01 17:03:12.823','2026-06-01 19:59:44.073'),(67,'liuyuan-vocal-day2-comment4plus-manual','5',1,'','liuyuan_config_20260601','liuyuan_config_20260601','2026-06-01 17:03:13.068','2026-06-01 19:59:44.073'),(68,'liuyuan-vocal-day3-comment4plus-manual','5',1,'','liuyuan_config_20260601','liuyuan_config_20260601','2026-06-01 17:03:13.302','2026-06-01 19:59:44.073'),(69,'liuyuan-vocal-day4-comment4plus-manual','5',1,'','liuyuan_config_20260601','liuyuan_config_20260601','2026-06-01 17:03:13.524','2026-06-01 19:59:44.073'),(70,'liuyuan-vocal-day5-comment3plus-manual','5',1,'','liuyuan_config_20260601','liuyuan_config_20260601','2026-06-01 17:03:13.743','2026-06-01 19:59:44.073'),(71,'liuyuan-vocal-day6-comment3plus-manual','5',1,'','liuyuan_config_20260601','liuyuan_config_20260601','2026-06-01 17:03:13.945','2026-06-01 19:59:44.073'),(72,'liuyuan-vocal-day1-past-manual','5',1,'','liuyuan_config_20260601','liuyuan_config_20260601','2026-06-01 17:03:14.143','2026-06-01 19:59:44.073'),(73,'liuyuan-vocal-day2-past-manual','5',1,'','liuyuan_config_20260601','liuyuan_config_20260601','2026-06-01 17:03:14.369','2026-06-01 19:59:44.073'),(74,'liuyuan-vocal-day3-past-manual','5',1,'','liuyuan_config_20260601','liuyuan_config_20260601','2026-06-01 17:03:14.574','2026-06-01 19:59:44.073'),(75,'liuyuan-vocal-day4-past-manual','5',1,'','liuyuan_config_20260601','liuyuan_config_20260601','2026-06-01 17:03:14.776','2026-06-01 19:59:44.073'),(76,'liuyuan-vocal-day5-past-manual','5',1,'','liuyuan_config_20260601','liuyuan_config_20260601','2026-06-01 17:03:14.992','2026-06-01 19:59:44.073'),(77,'liuyuan-vocal-day6-past-manual','5',1,'','liuyuan_config_20260601','liuyuan_config_20260601','2026-06-01 17:03:15.222','2026-06-01 19:59:44.073'),(78,'liuyuan-vocal-day1-future-manual','5',1,'','liuyuan_config_20260601','liuyuan_config_20260601','2026-06-01 17:03:15.413','2026-06-01 19:59:44.073'),(79,'liuyuan-vocal-day2-future-manual','5',1,'','liuyuan_config_20260601','liuyuan_config_20260601','2026-06-01 17:03:15.623','2026-06-01 19:59:44.073'),(80,'liuyuan-vocal-day3-future-manual','5',1,'','liuyuan_config_20260601','liuyuan_config_20260601','2026-06-01 17:03:15.829','2026-06-01 19:59:44.073'),(81,'liuyuan-vocal-day4-future-manual','5',1,'','liuyuan_config_20260601','liuyuan_config_20260601','2026-06-01 17:03:16.030','2026-06-01 19:59:44.073'),(82,'liuyuan-vocal-day5-future-manual','5',1,'','liuyuan_config_20260601','liuyuan_config_20260601','2026-06-01 17:03:16.227','2026-06-01 19:59:44.073'),(83,'liuyuan-vocal-day6-future-manual','5',1,'','liuyuan_config_20260601','liuyuan_config_20260601','2026-06-01 17:03:16.428','2026-06-01 19:59:44.073');
INSERT INTO `drh_ai_config_homework_action` (`id`, `strategy_id`, `order_index`, `action_type`, `condition_key`, `condition_value`, `text_content`, `material_url`, `oss_url`, `voice_duration_millis`, `pdf_file_name`, `pdf_file_size_bytes`, `delay_millis`, `enabled`, `created_by`, `updated_by`, `created_at`, `updated_at`) VALUES (311,50,1,'TEXT','','','收到您第一节课《万疆》的作业了，我现在给您点评，您耐心听完，今天学习情况不错！明天也要坚持来上第二节课！',NULL,NULL,NULL,NULL,NULL,2000,1,'liuyuan_config_20260601','liuyuan_config_20260601','2026-06-01 17:02:39.379','2026-06-01 19:59:44.046'),(339,50,2,'VOICE','','',NULL,'https://kkhc.tos-cn-beijing.volces.com/eps-juzibot/permanent/material/%36%61%31%64%36%63%32%35%63%34%34%37%64%65%31%32%32%65%39%38%37%66%37%61.silk','https://drh.likeduoduiyi.cn/homework/voice/ae07e269af8944229e4a42feded62573.MP3',52000,NULL,NULL,52000,1,'liuyuan_config_20260601','liuyuan_config_20260601','2026-06-01 19:25:27.814','2026-06-01 19:59:44.046'),(340,50,3,'VOICE','','',NULL,'https://kkhc.tos-cn-beijing.volces.com/eps-juzibot/permanent/material/%36%61%31%64%36%63%32%38%31%34%65%30%37%38%35%30%30%61%32%30%64%36%32%30.silk','https://drh.likeduoduiyi.cn/homework/voice/aea30cea8cbb4927a969ff0c65900b81.MP3',26000,NULL,NULL,26000,1,'liuyuan_config_20260601','liuyuan_config_20260601','2026-06-01 19:25:29.576','2026-06-01 19:59:44.046'),(313,51,1,'TEXT','','','大海啊故乡这节课，教学的内容是能够帮我们去打开喉咙，锻炼气息的，我再把技巧给您讲解下！',NULL,NULL,NULL,NULL,NULL,2000,1,'liuyuan_config_20260601','liuyuan_config_20260601','2026-06-01 17:02:43.018','2026-06-01 19:59:44.046'),(341,51,2,'VOICE','','',NULL,'https://kkhc.tos-cn-beijing.volces.com/eps-juzibot/permanent/material/%36%61%31%64%36%63%32%61%31%34%65%30%37%38%35%30%30%61%32%30%64%36%39%33.silk','https://drh.likeduoduiyi.cn/homework/voice/3ad2808e1f78438eb7b2088359ad27ee.MP3',49000,NULL,NULL,49000,1,'liuyuan_config_20260601','liuyuan_config_20260601','2026-06-01 19:25:31.972','2026-06-01 19:59:44.046'),(342,51,3,'VOICE','','',NULL,'https://kkhc.tos-cn-beijing.volces.com/eps-juzibot/permanent/material/%36%61%31%64%36%63%32%63%31%34%65%30%37%38%35%30%30%61%32%30%64%37%33%65.silk','https://drh.likeduoduiyi.cn/homework/voice/3205e29a4028495a8f2d549a46403882.MP3',47000,NULL,NULL,47000,1,'liuyuan_config_20260601','liuyuan_config_20260601','2026-06-01 19:25:34.019','2026-06-01 19:59:44.046'),(315,52,1,'TEXT','','','很多同学都觉得今天这节课很难，要唱高音，但您表现的很棒，今天的技巧都掌握了，我听完了你提交的作业，我马上给你点评！明天是很关键的一节课，一定要来参加！',NULL,NULL,NULL,NULL,NULL,2000,1,'liuyuan_config_20260601','liuyuan_config_20260601','2026-06-01 17:02:46.586','2026-06-01 19:59:44.046'),(343,52,2,'VOICE','','',NULL,'https://kkhc.tos-cn-beijing.volces.com/eps-juzibot/permanent/material/%36%61%31%64%36%63%32%65%63%34%34%37%64%65%31%32%32%65%39%38%38%35%33%39.silk','https://drh.likeduoduiyi.cn/homework/voice/4bf7e91d37bc452aa1c4af02721d2cf0.MP3',47000,NULL,NULL,47000,1,'liuyuan_config_20260601','liuyuan_config_20260601','2026-06-01 19:25:36.241','2026-06-01 19:59:44.046'),(344,52,3,'VOICE','','',NULL,'https://kkhc.tos-cn-beijing.volces.com/eps-juzibot/permanent/material/%36%61%31%64%36%63%33%30%63%34%34%37%64%65%31%32%32%65%39%38%38%36%38%35.silk','https://drh.likeduoduiyi.cn/homework/voice/f44bf578391849f7a933301163a46e2a.MP3',13000,NULL,NULL,13000,1,'liuyuan_config_20260601','liuyuan_config_20260601','2026-06-01 19:25:37.445','2026-06-01 19:59:44.046'),(345,52,4,'VOICE','','',NULL,'https://kkhc.tos-cn-beijing.volces.com/eps-juzibot/permanent/material/%36%61%31%64%36%63%33%32%63%34%34%37%64%65%31%32%32%65%39%38%38%37%35%30.silk','https://drh.likeduoduiyi.cn/homework/voice/7c95de1e383449029eeead291dcc1f65.MP3',46000,NULL,NULL,46000,1,'liuyuan_config_20260601','liuyuan_config_20260601','2026-06-01 19:25:39.520','2026-06-01 19:59:44.046'),(317,53,1,'TEXT','','','今天对于节奏的掌握感觉怎么样？跟得上歌曲的节奏不？我看你学的很用心，我先给你点评！',NULL,NULL,NULL,NULL,NULL,2000,1,'liuyuan_config_20260601','liuyuan_config_20260601','2026-06-01 17:02:51.196','2026-06-01 19:59:44.046'),(346,53,2,'VOICE','','',NULL,'https://kkhc.tos-cn-beijing.volces.com/eps-juzibot/permanent/material/%36%61%31%64%36%63%33%34%31%34%65%30%37%38%35%30%30%61%32%30%64%39%36%62.silk','https://drh.likeduoduiyi.cn/homework/voice/6e3eac9edcd745d78d47e0f57545321e.MP3',50000,NULL,NULL,50000,1,'liuyuan_config_20260601','liuyuan_config_20260601','2026-06-01 19:25:41.921','2026-06-01 19:59:44.046'),(347,53,3,'VOICE','','',NULL,'https://kkhc.tos-cn-beijing.volces.com/eps-juzibot/permanent/material/%36%61%31%64%36%63%33%36%34%34%31%38%65%65%61%61%65%35%63%36%33%33%31%35.silk','https://drh.likeduoduiyi.cn/homework/voice/54cf56d7847c4626b6692534912dbdc7.MP3',49000,NULL,NULL,49000,1,'liuyuan_config_20260601','liuyuan_config_20260601','2026-06-01 19:25:44.120','2026-06-01 19:59:44.046'),(319,54,1,'TEXT','','','看来咱们经过4天的学习，已经和当时没上课的您有很大的提升啊！但是对于技巧和方法的运用上，我再给您讲讲，您稍等 我给您发语音！',NULL,NULL,NULL,NULL,NULL,2000,1,'liuyuan_config_20260601','liuyuan_config_20260601','2026-06-01 17:02:55.315','2026-06-01 19:59:44.046'),(348,54,2,'VOICE','','',NULL,'https://kkhc.tos-cn-beijing.volces.com/eps-juzibot/permanent/material/%36%61%31%64%36%63%33%38%34%34%31%38%65%65%61%61%65%35%63%36%33%34%36%38.silk','https://drh.likeduoduiyi.cn/homework/voice/d58a67771f84454a9338f852bbe1772e.MP3',30000,NULL,NULL,30000,1,'liuyuan_config_20260601','liuyuan_config_20260601','2026-06-01 19:25:45.933','2026-06-01 19:59:44.046'),(349,54,3,'VOICE','','',NULL,'https://kkhc.tos-cn-beijing.volces.com/eps-juzibot/permanent/material/%36%61%31%64%36%63%33%61%63%34%34%37%64%65%31%32%32%65%39%38%38%64%38%66.silk','https://drh.likeduoduiyi.cn/homework/voice/6dd1f4ba26ce4abfa24f9f990bfc509c.MP3',54000,NULL,NULL,54000,1,'liuyuan_config_20260601','liuyuan_config_20260601','2026-06-01 19:25:48.250','2026-06-01 19:59:44.046'),(321,55,1,'TEXT','','','同学您好啊！今天是最后一节课了，赵老师还是用心给你点评，您也耐心听完赵老师讲的，我们学习不要半途而废！坚持下去！',NULL,NULL,NULL,NULL,NULL,2000,1,'liuyuan_config_20260601','liuyuan_config_20260601','2026-06-01 17:02:58.629','2026-06-01 19:59:44.046'),(322,55,2,'VOICE','','',NULL,'https://kkhc.tos-cn-beijing.volces.com/eps-juzibot/permanent/material/%36%61%31%64%34%61%63%33%61%61%61%30%64%30%66%34%65%32%36%30%35%37%31%33.silk','https://drh.likeduoduiyi.cn/homework/voice/75658b9c13d84eb987bd1722ad3ffc30.mp3',46000,NULL,NULL,46000,1,'liuyuan_config_20260601','liuyuan_config_20260601','2026-06-01 17:03:00.705','2026-06-01 19:59:44.046'),(323,56,1,'TEXT','','','好嘞！同学很用心！这是第二次提交《万疆》了，我先听听咱们这次对比第一次没有没进步哈！',NULL,NULL,NULL,NULL,NULL,2000,1,'liuyuan_config_20260601','liuyuan_config_20260601','2026-06-01 17:03:01.052','2026-06-01 19:59:44.046'),(324,56,2,'VOICE','','',NULL,'https://kkhc.tos-cn-beijing.volces.com/eps-juzibot/permanent/material/%36%61%31%64%34%61%63%35%61%30%36%37%63%30%66%64%37%39%35%62%38%64%38%36.silk','https://drh.likeduoduiyi.cn/homework/voice/9d30a3019b804281a96764e3eba6b049.mp3',16000,NULL,NULL,16000,1,'liuyuan_config_20260601','liuyuan_config_20260601','2026-06-01 17:03:02.600','2026-06-01 19:59:44.046'),(325,57,1,'TEXT','','','同学，收到你的作业啦，我刚听完你的作业，在整段的表现上，有小进步，但是还有需要注意的细节，我发语音你听听',NULL,NULL,NULL,NULL,NULL,2000,1,'liuyuan_config_20260601','liuyuan_config_20260601','2026-06-01 17:03:02.970','2026-06-01 19:59:44.046'),(326,57,2,'VOICE','','',NULL,'https://kkhc.tos-cn-beijing.volces.com/eps-juzibot/permanent/material/%36%61%31%64%34%61%63%37%61%61%61%30%64%30%66%34%65%32%36%30%35%39%63%63.silk','https://drh.likeduoduiyi.cn/homework/voice/e49b366978dd44809e9b35015e457927.mp3',20000,NULL,NULL,20000,1,'liuyuan_config_20260601','liuyuan_config_20260601','2026-06-01 17:03:04.448','2026-06-01 19:59:44.046'),(327,58,1,'TEXT','','','很棒！很多同学看到高音的歌曲，就不敢提交作业了，您是第二次提交了，看来您很用心在学习，我马上给你点评',NULL,NULL,NULL,NULL,NULL,2000,1,'liuyuan_config_20260601','liuyuan_config_20260601','2026-06-01 17:03:04.801','2026-06-01 19:59:44.046'),(328,58,2,'VOICE','','',NULL,'https://kkhc.tos-cn-beijing.volces.com/eps-juzibot/permanent/material/%36%61%31%64%34%61%63%39%61%61%61%30%64%30%66%34%65%32%36%30%35%61%35%35.silk','https://drh.likeduoduiyi.cn/homework/voice/6dff217b03564882ac0869f7127eddee.mp3',15000,NULL,NULL,15000,1,'liuyuan_config_20260601','liuyuan_config_20260601','2026-06-01 17:03:06.033','2026-06-01 19:59:44.046'),(329,59,1,'TEXT','','','收到作业啦～ 今天的课程上的怎么样？学习一定是要坚持并且长期学习下去的，不能够半途而废哦，我先听听咱们这次提交的情况哈',NULL,NULL,NULL,NULL,NULL,2000,1,'liuyuan_config_20260601','liuyuan_config_20260601','2026-06-01 17:03:06.368','2026-06-01 19:59:44.046'),(330,59,2,'VOICE','','',NULL,'https://kkhc.tos-cn-beijing.volces.com/eps-juzibot/permanent/material/%36%61%31%64%34%61%63%61%61%61%61%30%64%30%66%34%65%32%36%30%35%61%66%34.silk','https://drh.likeduoduiyi.cn/homework/voice/876a2e6b159f49b1852dfbe8bd511f35.mp3',20000,NULL,NULL,20000,1,'liuyuan_config_20260601','liuyuan_config_20260601','2026-06-01 17:03:07.728','2026-06-01 19:59:44.046'),(331,60,1,'TEXT','','','今天是倒数第二节课了！您依然很用心的在跟着我学习，我先听听您的作业',NULL,NULL,NULL,NULL,NULL,2000,1,'liuyuan_config_20260601','liuyuan_config_20260601','2026-06-01 17:03:08.069','2026-06-01 19:59:44.046'),(332,60,2,'VOICE','','',NULL,'https://kkhc.tos-cn-beijing.volces.com/eps-juzibot/permanent/material/%36%61%31%64%34%61%63%63%61%30%36%37%63%30%66%64%37%39%35%62%39%32%32%33.silk','https://drh.likeduoduiyi.cn/homework/voice/a597df3e73994ae2a13b5874544c9000.mp3',17000,NULL,NULL,17000,1,'liuyuan_config_20260601','liuyuan_config_20260601','2026-06-01 17:03:09.452','2026-06-01 19:59:44.046'),(333,61,1,'TEXT','','','好嘞同学！今天是最后一天一起学习啦，我听完你的作业了，您听听',NULL,NULL,NULL,NULL,NULL,2000,1,'liuyuan_config_20260601','liuyuan_config_20260601','2026-06-01 17:03:09.826','2026-06-01 19:59:44.046'),(334,61,2,'VOICE','','',NULL,'https://kkhc.tos-cn-beijing.volces.com/eps-juzibot/permanent/material/%36%61%31%64%34%61%63%65%61%61%61%30%64%30%66%34%65%32%36%30%35%63%62%33.silk','https://drh.likeduoduiyi.cn/homework/voice/fa169a3e176a4378b0fe976eb8c8965f.mp3',17000,NULL,NULL,17000,1,'liuyuan_config_20260601','liuyuan_config_20260601','2026-06-01 17:03:11.105','2026-06-01 19:59:44.046'),(335,62,1,'TEXT','','','我听完了！确实是有在勤加练习，特别好学！我也很开心能够遇到勤奋的同学，相信您这样坚持勤练下去，咱们一起能学有所成！',NULL,NULL,NULL,NULL,NULL,2000,1,'liuyuan_config_20260601','liuyuan_config_20260601','2026-06-01 17:03:11.433','2026-06-01 19:59:44.046'),(336,63,1,'TEXT','','','嗯！能修正一些细节上的唱法，很不错，喉咙一定要打开、放开、让声音出来，换气的时候要大口吸气，慢慢吐出来，这样就能让气息越来越稳！',NULL,NULL,NULL,NULL,NULL,2000,1,'liuyuan_config_20260601','liuyuan_config_20260601','2026-06-01 17:03:11.801','2026-06-01 19:59:44.046'),(337,64,1,'TEXT','','','这一次稍微好很多了，气的感觉已经上来了，剩下的就是稳住，您要是有时间，多看看第二节课的回放，把咱们气息的运用多巩固巩固，这样以后唱高音就更没问题啦！',NULL,NULL,NULL,NULL,NULL,2000,1,'liuyuan_config_20260601','liuyuan_config_20260601','2026-06-01 17:03:12.211','2026-06-01 19:59:44.046'),(338,65,1,'TEXT','','','才开始可以不用着急去抓节拍和节奏，先跟着自己拍掌的频率来唱，这样就能够掌握的更好！',NULL,NULL,NULL,NULL,NULL,2000,1,'liuyuan_config_20260601','liuyuan_config_20260601','2026-06-01 17:03:12.607','2026-06-01 19:59:44.046');
INSERT INTO `drh_ai_config_homework_route` (`id`, `day_num`, `comment_index`, `comment_match_type`, `match_key`, `match_value`, `sku_id`, `strategy_id`, `enabled`, `created_by`, `updated_by`, `created_at`, `updated_at`) VALUES (91,1,1,'EQ','currentDay&&homeworkDayRelation&&qwUserId_RLike','1&&CURRENT&&liuyuan','5',50,1,'liuyuan_config_20260601','liuyuan_config_20260601','2026-06-01 17:12:13.794','2026-06-01 19:59:44.058'),(92,1,1,'GTE','currentDay&&homeworkDayRelation&&qwUserId_RLike','1&&FUTURE&&liuyuan','5',78,1,'liuyuan_config_20260601','liuyuan_config_20260601','2026-06-01 17:12:14.012','2026-06-01 19:59:44.058'),(93,1,1,'GTE','currentDay&&homeworkDayRelation&&qwUserId_RLike','1&&PAST&&liuyuan','5',72,1,'liuyuan_config_20260601','liuyuan_config_20260601','2026-06-01 17:12:14.236','2026-06-01 19:59:44.058'),(94,1,2,'EQ','currentDay&&homeworkDayRelation&&qwUserId_RLike','1&&CURRENT&&liuyuan','5',56,1,'liuyuan_config_20260601','liuyuan_config_20260601','2026-06-01 17:12:14.432','2026-06-01 19:59:44.058'),(95,1,3,'EQ','currentDay&&homeworkDayRelation&&qwUserId_RLike','1&&CURRENT&&liuyuan','5',62,1,'liuyuan_config_20260601','liuyuan_config_20260601','2026-06-01 17:12:14.699','2026-06-01 19:59:44.058'),(96,1,4,'GTE','currentDay&&homeworkDayRelation&&qwUserId_RLike','1&&CURRENT&&liuyuan','5',66,1,'liuyuan_config_20260601','liuyuan_config_20260601','2026-06-01 17:12:14.888','2026-06-01 19:59:44.058'),(97,2,1,'EQ','currentDay&&homeworkDayRelation&&qwUserId_RLike','2&&CURRENT&&liuyuan','5',51,1,'liuyuan_config_20260601','liuyuan_config_20260601','2026-06-01 17:12:15.269','2026-06-01 19:59:44.058'),(98,2,1,'GTE','currentDay&&homeworkDayRelation&&qwUserId_RLike','2&&FUTURE&&liuyuan','5',79,1,'liuyuan_config_20260601','liuyuan_config_20260601','2026-06-01 17:12:15.451','2026-06-01 19:59:44.058'),(99,2,1,'GTE','currentDay&&homeworkDayRelation&&qwUserId_RLike','2&&PAST&&liuyuan','5',73,1,'liuyuan_config_20260601','liuyuan_config_20260601','2026-06-01 17:12:15.619','2026-06-01 19:59:44.058'),(100,2,2,'EQ','currentDay&&homeworkDayRelation&&qwUserId_RLike','2&&CURRENT&&liuyuan','5',57,1,'liuyuan_config_20260601','liuyuan_config_20260601','2026-06-01 17:12:15.807','2026-06-01 19:59:44.058'),(101,2,3,'EQ','currentDay&&homeworkDayRelation&&qwUserId_RLike','2&&CURRENT&&liuyuan','5',63,1,'liuyuan_config_20260601','liuyuan_config_20260601','2026-06-01 17:12:15.987','2026-06-01 19:59:44.058'),(102,2,4,'GTE','currentDay&&homeworkDayRelation&&qwUserId_RLike','2&&CURRENT&&liuyuan','5',67,1,'liuyuan_config_20260601','liuyuan_config_20260601','2026-06-01 17:12:16.172','2026-06-01 19:59:44.058'),(103,3,1,'EQ','currentDay&&homeworkDayRelation&&qwUserId_RLike','3&&CURRENT&&liuyuan','5',52,1,'liuyuan_config_20260601','liuyuan_config_20260601','2026-06-01 17:12:16.359','2026-06-01 19:59:44.058'),(104,3,1,'GTE','currentDay&&homeworkDayRelation&&qwUserId_RLike','3&&FUTURE&&liuyuan','5',80,1,'liuyuan_config_20260601','liuyuan_config_20260601','2026-06-01 17:12:16.539','2026-06-01 19:59:44.058'),(105,3,1,'GTE','currentDay&&homeworkDayRelation&&qwUserId_RLike','3&&PAST&&liuyuan','5',74,1,'liuyuan_config_20260601','liuyuan_config_20260601','2026-06-01 17:12:16.737','2026-06-01 19:59:44.058'),(106,3,2,'EQ','currentDay&&homeworkDayRelation&&qwUserId_RLike','3&&CURRENT&&liuyuan','5',58,1,'liuyuan_config_20260601','liuyuan_config_20260601','2026-06-01 17:12:17.001','2026-06-01 19:59:44.058'),(107,3,3,'EQ','currentDay&&homeworkDayRelation&&qwUserId_RLike','3&&CURRENT&&liuyuan','5',64,1,'liuyuan_config_20260601','liuyuan_config_20260601','2026-06-01 17:12:17.194','2026-06-01 19:59:44.058'),(108,3,4,'GTE','currentDay&&homeworkDayRelation&&qwUserId_RLike','3&&CURRENT&&liuyuan','5',68,1,'liuyuan_config_20260601','liuyuan_config_20260601','2026-06-01 17:12:17.391','2026-06-01 19:59:44.058'),(109,4,1,'EQ','currentDay&&homeworkDayRelation&&qwUserId_RLike','4&&CURRENT&&liuyuan','5',53,1,'liuyuan_config_20260601','liuyuan_config_20260601','2026-06-01 17:12:17.594','2026-06-01 19:59:44.058'),(110,4,1,'GTE','currentDay&&homeworkDayRelation&&qwUserId_RLike','4&&FUTURE&&liuyuan','5',81,1,'liuyuan_config_20260601','liuyuan_config_20260601','2026-06-01 17:12:17.796','2026-06-01 19:59:44.058'),(111,4,1,'GTE','currentDay&&homeworkDayRelation&&qwUserId_RLike','4&&PAST&&liuyuan','5',75,1,'liuyuan_config_20260601','liuyuan_config_20260601','2026-06-01 17:12:17.976','2026-06-01 19:59:44.058'),(112,4,2,'EQ','currentDay&&homeworkDayRelation&&qwUserId_RLike','4&&CURRENT&&liuyuan','5',59,1,'liuyuan_config_20260601','liuyuan_config_20260601','2026-06-01 17:12:18.193','2026-06-01 19:59:44.058'),(113,4,3,'EQ','currentDay&&homeworkDayRelation&&qwUserId_RLike','4&&CURRENT&&liuyuan','5',65,1,'liuyuan_config_20260601','liuyuan_config_20260601','2026-06-01 17:12:18.399','2026-06-01 19:59:44.058'),(114,4,4,'GTE','currentDay&&homeworkDayRelation&&qwUserId_RLike','4&&CURRENT&&liuyuan','5',69,1,'liuyuan_config_20260601','liuyuan_config_20260601','2026-06-01 17:12:18.593','2026-06-01 19:59:44.058'),(115,5,1,'EQ','currentDay&&homeworkDayRelation&&qwUserId_RLike','5&&CURRENT&&liuyuan','5',54,1,'liuyuan_config_20260601','liuyuan_config_20260601','2026-06-01 17:12:18.758','2026-06-01 19:59:44.058'),(116,5,1,'GTE','currentDay&&homeworkDayRelation&&qwUserId_RLike','5&&FUTURE&&liuyuan','5',82,1,'liuyuan_config_20260601','liuyuan_config_20260601','2026-06-01 17:12:18.955','2026-06-01 19:59:44.058'),(117,5,1,'GTE','currentDay&&homeworkDayRelation&&qwUserId_RLike','5&&PAST&&liuyuan','5',76,1,'liuyuan_config_20260601','liuyuan_config_20260601','2026-06-01 17:12:19.175','2026-06-01 19:59:44.058'),(118,5,2,'EQ','currentDay&&homeworkDayRelation&&qwUserId_RLike','5&&CURRENT&&liuyuan','5',60,1,'liuyuan_config_20260601','liuyuan_config_20260601','2026-06-01 17:12:19.341','2026-06-01 19:59:44.058'),(119,5,3,'GTE','currentDay&&homeworkDayRelation&&qwUserId_RLike','5&&CURRENT&&liuyuan','5',70,1,'liuyuan_config_20260601','liuyuan_config_20260601','2026-06-01 17:12:19.517','2026-06-01 19:59:44.058'),(120,6,1,'EQ','currentDay&&homeworkDayRelation&&qwUserId_RLike','6&&CURRENT&&liuyuan','5',55,1,'liuyuan_config_20260601','liuyuan_config_20260601','2026-06-01 17:12:19.685','2026-06-01 19:59:44.058'),(121,6,1,'GTE','currentDay&&homeworkDayRelation&&qwUserId_RLike','6&&FUTURE&&liuyuan','5',83,1,'liuyuan_config_20260601','liuyuan_config_20260601','2026-06-01 17:12:19.850','2026-06-01 19:59:44.058'),(122,6,1,'GTE','currentDay&&homeworkDayRelation&&qwUserId_RLike','6&&PAST&&liuyuan','5',77,1,'liuyuan_config_20260601','liuyuan_config_20260601','2026-06-01 17:12:20.009','2026-06-01 19:59:44.058'),(123,6,2,'EQ','currentDay&&homeworkDayRelation&&qwUserId_RLike','6&&CURRENT&&liuyuan','5',61,1,'liuyuan_config_20260601','liuyuan_config_20260601','2026-06-01 17:12:20.164','2026-06-01 19:59:44.058'),(124,6,3,'GTE','currentDay&&homeworkDayRelation&&qwUserId_RLike','6&&CURRENT&&liuyuan','5',71,1,'liuyuan_config_20260601','liuyuan_config_20260601','2026-06-01 17:12:20.337','2026-06-01 19:59:44.058');
