-- MySQL dump 10.13  Distrib 8.4.8, for Win64 (x86_64)
--
-- Host: 182.92.157.63    Database: drh
-- ------------------------------------------------------
-- Server version	8.0.26

/*!40101 SET @OLD_CHARACTER_SET_CLIENT=@@CHARACTER_SET_CLIENT */;
/*!40101 SET @OLD_CHARACTER_SET_RESULTS=@@CHARACTER_SET_RESULTS */;
/*!40101 SET @OLD_COLLATION_CONNECTION=@@COLLATION_CONNECTION */;
/*!50503 SET NAMES utf8mb4 */;
/*!40103 SET @OLD_TIME_ZONE=@@TIME_ZONE */;
/*!40103 SET TIME_ZONE='+00:00' */;
/*!40014 SET @OLD_UNIQUE_CHECKS=@@UNIQUE_CHECKS, UNIQUE_CHECKS=0 */;
/*!40014 SET @OLD_FOREIGN_KEY_CHECKS=@@FOREIGN_KEY_CHECKS, FOREIGN_KEY_CHECKS=0 */;
/*!40101 SET @OLD_SQL_MODE=@@SQL_MODE, SQL_MODE='NO_AUTO_VALUE_ON_ZERO' */;
/*!40111 SET @OLD_SQL_NOTES=@@SQL_NOTES, SQL_NOTES=0 */;

--
-- Dumping data for table `drh_ai_config_homework_strategy`
--

LOCK TABLES `drh_ai_config_homework_strategy` WRITE;
/*!40000 ALTER TABLE `drh_ai_config_homework_strategy` DISABLE KEYS */;
INSERT INTO `drh_ai_config_homework_strategy` (`id`, `strategy_name`, `sku_id`, `enabled`, `remark`, `created_by`, `updated_by`, `created_at`, `updated_at`) VALUES (1,'day1-1','4',0,'','admin','admin','2026-03-05 11:39:26.034','2026-04-16 17:04:47.842'),(2,'day1-1-prod','4',1,'','admin','admin','2026-03-16 16:42:41.040','2026-04-16 17:04:47.842'),(3,'day1-1-prod-zhifa','4',0,'','admin','admin','2026-03-16 17:17:09.441','2026-04-16 17:04:47.842'),(4,'day1-2-prod','4',1,'','admin','admin','2026-03-16 17:22:17.831','2026-04-16 17:04:47.842'),(5,'day1-2-prod-shouxi-soso','4',0,'','admin','admin','2026-03-16 17:23:38.596','2026-04-16 17:04:47.842'),(6,'day1-3-prod','4',1,'','admin','admin','2026-03-16 17:25:01.328','2026-04-16 17:04:47.842'),(7,'day1-3-prod-noReply','4',0,'','admin','admin','2026-03-16 17:25:44.632','2026-04-16 17:04:47.842'),(8,'day2-1-prod','4',1,'','admin','admin','2026-03-16 17:27:56.333','2026-04-16 17:04:47.842'),(9,'day2-2-prod','4',1,'','admin','admin','2026-03-17 11:06:34.778','2026-04-16 17:04:47.842'),(10,'day2-3-prod','4',1,'','admin','admin','2026-03-17 11:09:51.623','2026-04-16 17:04:47.842'),(11,'day3-1-prod','4',1,'','admin','admin','2026-03-17 11:13:23.606','2026-04-16 17:04:47.842'),(12,'day3-2-prod','4',1,'','admin','admin','2026-03-17 11:24:20.214','2026-04-16 17:04:47.842'),(13,'day3-3-prod','4',1,'','admin','admin','2026-03-17 11:24:46.368','2026-04-16 17:04:47.842'),(14,'day4-1-prod','4',1,'','admin','admin','2026-03-17 11:25:23.216','2026-04-16 17:04:47.842'),(15,'day5-1-prod','4',1,'','admin','admin','2026-03-27 15:33:07.043','2026-04-16 17:04:47.842'),(16,'day6-1-prod','4',1,'','admin','admin','2026-03-27 15:33:25.026','2026-04-16 17:04:47.842'),(17,'day4-2','4',1,'','admin','admin','2026-03-27 16:21:27.162','2026-04-16 17:04:47.842'),(18,'day5-future','4',1,'','admin','admin','2026-03-27 16:29:46.742','2026-04-16 17:04:47.842'),(19,'day4-2','4',0,'','admin','admin','2026-03-30 19:10:18.263','2026-04-16 17:04:47.842'),(20,'day1-1-prod','5',1,'','online_sql_20260416','online_sql_20260416','2026-04-16 17:04:47.844','2026-04-16 17:04:47.844'),(21,'day1-2-prod','5',1,'','online_sql_20260416','online_sql_20260416','2026-04-16 17:04:47.844','2026-04-16 17:04:47.844'),(22,'day1-3-prod','5',1,'','online_sql_20260416','online_sql_20260416','2026-04-16 17:04:47.844','2026-04-16 17:04:47.844'),(23,'day2-1-prod','5',1,'','online_sql_20260416','online_sql_20260416','2026-04-16 17:04:47.844','2026-04-16 17:04:47.844'),(24,'day2-2-prod','5',1,'','online_sql_20260416','online_sql_20260416','2026-04-16 17:04:47.844','2026-04-16 17:04:47.844'),(25,'day2-3-prod','5',1,'','online_sql_20260416','online_sql_20260416','2026-04-16 17:04:47.844','2026-04-16 17:04:47.844'),(26,'day3-1-prod','5',1,'','online_sql_20260416','online_sql_20260416','2026-04-16 17:04:47.844','2026-04-16 17:04:47.844'),(27,'day3-2-prod','5',1,'','online_sql_20260416','online_sql_20260416','2026-04-16 17:04:47.844','2026-04-16 17:04:47.844'),(28,'day3-3-prod','5',1,'','online_sql_20260416','online_sql_20260416','2026-04-16 17:04:47.844','2026-04-16 17:04:47.844'),(29,'day4-1-prod','5',1,'','online_sql_20260416','online_sql_20260416','2026-04-16 17:04:47.844','2026-04-16 17:04:47.844'),(30,'day5-1-prod','5',1,'','online_sql_20260416','online_sql_20260416','2026-04-16 17:04:47.844','2026-04-16 17:04:47.844'),(31,'day6-1-prod','5',1,'','online_sql_20260416','online_sql_20260416','2026-04-16 17:04:47.844','2026-04-16 17:04:47.844'),(32,'day4-2','5',1,'','online_sql_20260416','online_sql_20260416','2026-04-16 17:04:47.844','2026-04-16 17:04:47.844'),(33,'day5-future','5',1,'','online_sql_20260416','online_sql_20260416','2026-04-16 17:04:47.844','2026-04-16 17:04:47.844'),(35,'day1-future','5',1,'','admin','admin','2026-04-16 19:23:59.504','2026-04-16 19:23:59.504'),(36,'day2-future','5',1,'','admin','admin','2026-04-16 19:29:19.394','2026-04-16 19:29:19.394'),(37,'day3-future','5',1,'','admin','admin','2026-04-16 19:29:51.034','2026-04-16 19:29:51.034'),(38,'day4-future','5',1,'','admin','admin','2026-04-16 19:30:15.806','2026-04-16 19:30:15.806'),(39,'day5-future','5',1,'','admin','admin','2026-04-16 19:30:51.827','2026-04-16 19:30:51.827'),(40,'day6-future','5',1,'','admin','admin','2026-04-16 19:31:07.373','2026-04-16 19:31:07.373'),(41,'day1-pass','5',1,'','admin','admin','2026-04-16 19:37:18.080','2026-04-16 19:37:18.080'),(42,'day2-pass','5',1,'','admin','admin','2026-04-16 19:38:22.508','2026-04-16 19:38:22.508'),(43,'day3-pass','5',1,'','admin','admin','2026-04-16 19:39:02.828','2026-04-16 19:39:02.828'),(44,'day4-pass','5',1,'','admin','admin','2026-04-16 19:40:03.068','2026-04-16 19:40:03.068'),(45,'day5-pass','5',1,'','admin','admin','2026-04-16 19:40:44.901','2026-04-16 19:40:44.901');
/*!40000 ALTER TABLE `drh_ai_config_homework_strategy` ENABLE KEYS */;
UNLOCK TABLES;

--
-- Dumping data for table `drh_ai_config_homework_action`
--

LOCK TABLES `drh_ai_config_homework_action` WRITE;
/*!40000 ALTER TABLE `drh_ai_config_homework_action` DISABLE KEYS */;
INSERT INTO `drh_ai_config_homework_action` (`id`, `strategy_id`, `order_index`, `action_type`, `condition_key`, `condition_value`, `text_content`, `material_url`, `oss_url`, `voice_duration_millis`, `pdf_file_name`, `pdf_file_size_bytes`, `delay_millis`, `enabled`, `created_by`, `updated_by`, `created_at`, `updated_at`) VALUES (1,1,1,'TEXT','','','测试通知',NULL,NULL,NULL,NULL,NULL,2000,0,'admin','admin','2026-03-05 11:39:56.152','2026-03-17 11:18:41.364'),(2,1,2,'VOICE','','',NULL,'https://kkhc.tos-cn-beijing.volces.com/eps-juzibot/permanent/material/%36%39%62%37%61%37%34%39%66%31%66%32%37%31%33%34%32%37%66%33%63%34%37%36.silk','https://drh.likeduoduiyi.cn/homework/voice/0fe1ae99cc094f74addc78cf70043aed.mp3',243000,NULL,NULL,243000,0,'admin','admin','2026-03-05 11:40:32.611','2026-03-17 11:18:41.364'),(3,1,3,'VOICE','','',NULL,'https://thirdparty.example/materials/24861842-c67e-4ebc-8e24-5a3904514c78.mp3',NULL,243000,NULL,NULL,243000,0,'admin','admin','2026-03-16 13:57:22.784','2026-03-17 11:18:41.364'),(4,1,4,'IMAGE','','',NULL,'https://kkhc.tos-cn-beijing.volces.com/mh/permanent/material/7ce986e4-5d26-4dd3-9ded-1c54a005aded/%32%62%32%32%39%37%61%37%38%61%35%33%34%37%31%62%62%36%32%61%36%35%30%38%32%61%36%34%35%36%35%65.jpg','https://drh.likeduoduiyi.cn/homework/file/2b2297a78a53471bb62a65082a64565e.jpg',NULL,NULL,NULL,2000,0,'admin','admin','2026-03-16 15:01:18.478','2026-03-17 11:18:41.364'),(5,1,5,'PDF','','',NULL,'https://kkhc.tos-cn-beijing.volces.com/mh/permanent/material/c922eebc-d319-4c89-9680-a75ae6d75435/%32%33%66%35%33%64%36%63%37%61%31%63%34%61%66%30%38%64%65%34%66%65%61%32%33%36%31%62%36%36%31%61.pdf','https://drh.likeduoduiyi.cn/homework/file/23f53d6c7a1c4af08de4fea2361b661a.pdf',NULL,'李瑶老师弹琴课程简谱.pdf',620428,2000,0,'admin','admin','2026-03-16 15:21:48.802','2026-03-17 11:18:41.364'),(6,2,1,'TEXT','','','李瑶老师收到您的第一天的作业，是个很好的开端，给您点赞[强]',NULL,NULL,NULL,NULL,NULL,20000,1,'admin','admin','2026-03-16 16:42:47.884','2026-03-16 16:42:47.884'),(7,2,2,'VOICE','','',NULL,'https://kkhc.tos-cn-beijing.volces.com/eps-juzibot/permanent/material/%36%39%62%37%63%32%64%64%37%34%31%33%64%64%63%31%66%61%36%34%35%35%34%32.silk','https://drh.likeduoduiyi.cn/homework/voice/aa55f9a03de34ad1ae996144b1e4cd31.mp3',239000,NULL,NULL,239000,0,'admin','admin','2026-03-16 16:44:15.024','2026-03-16 17:07:05.668'),(8,2,3,'VOICE','','',NULL,'https://kkhc.tos-cn-beijing.volces.com/eps-juzibot/permanent/material/%36%39%62%37%63%36%61%34%66%31%66%32%37%31%33%34%32%37%30%32%33%65%37%38.silk','https://drh.likeduoduiyi.cn/homework/voice/e1b541b70a03454ab8d7587ba30c5bab.mp3',263000,NULL,NULL,263000,0,'admin','admin','2026-03-16 17:00:22.046','2026-03-16 17:07:09.586'),(9,2,2,'VOICE','question','手型有问题',NULL,'https://kkhc.tos-cn-beijing.volces.com/eps-juzibot/permanent/material/%36%39%62%37%63%38%34%63%66%31%66%32%37%31%33%34%32%37%30%34%63%63%37%33.silk','https://drh.likeduoduiyi.cn/homework/voice/6d94e076f71d4eaeb15c278c37f8e622.mp3',24000,NULL,NULL,24000,1,'admin','admin','2026-03-16 17:07:25.781','2026-03-16 17:07:25.781'),(10,2,3,'VOICE','question','手型有问题',NULL,'https://kkhc.tos-cn-beijing.volces.com/eps-juzibot/permanent/material/%36%39%62%37%63%38%34%65%66%31%66%32%37%31%33%34%32%37%30%34%63%65%31%30.silk','https://drh.likeduoduiyi.cn/homework/voice/5a68b227af3c4285a5e75acf119b3c46.mp3',27000,NULL,NULL,27000,1,'admin','admin','2026-03-16 17:07:27.641','2026-03-16 17:07:27.641'),(11,2,4,'IMAGE','question','手型有问题',NULL,'https://kkhc.tos-cn-beijing.volces.com/mh/permanent/material/772c2608-d261-4e40-af58-5c7d7110139a/%65%39%61%31%64%36%35%35%66%65%31%62%34%39%39%64%39%61%31%61%35%64%62%38%35%39%38%37%31%37%33%39.png','https://drh.likeduoduiyi.cn/homework/file/e9a1d655fe1b499d9a1a5db859871739.png',NULL,NULL,NULL,20000,1,'admin','admin','2026-03-16 17:09:05.129','2026-03-16 17:09:05.129'),(12,2,5,'VOICE','question','手型有问题',NULL,'https://kkhc.tos-cn-beijing.volces.com/eps-juzibot/permanent/material/%36%39%62%37%63%61%35%66%66%31%66%32%37%31%33%34%32%37%30%35%39%30%32%66.silk','https://drh.likeduoduiyi.cn/homework/voice/54ecef3a01854cf1a28523e3c2aa72be.mp3',37000,NULL,NULL,37000,1,'admin','admin','2026-03-16 17:16:17.354','2026-03-16 17:16:17.354'),(13,3,1,'VOICE','','',NULL,'https://kkhc.tos-cn-beijing.volces.com/eps-juzibot/permanent/material/%36%39%62%37%63%61%61%35%66%31%66%32%37%31%33%34%32%37%30%35%61%39%31%38.silk','https://drh.likeduoduiyi.cn/homework/voice/85838631d5444c768ba9f17803ff6945.mp3',27000,NULL,NULL,27000,0,'admin','admin','2026-03-16 17:17:26.759','2026-03-16 17:17:47.998'),(14,3,2,'VOICE','','',NULL,'https://kkhc.tos-cn-beijing.volces.com/eps-juzibot/permanent/material/%36%39%62%37%63%61%61%37%66%31%66%32%37%31%33%34%32%37%30%35%61%61%32%31.silk','https://drh.likeduoduiyi.cn/homework/voice/6963c5df6d664f91a4fde48182ece303.mp3',22000,NULL,NULL,22000,0,'admin','admin','2026-03-16 17:17:28.370','2026-03-16 17:17:50.011'),(15,3,3,'VOICE','','',NULL,'https://kkhc.tos-cn-beijing.volces.com/eps-juzibot/permanent/material/%36%39%62%37%63%61%61%38%66%31%66%32%37%31%33%34%32%37%30%35%61%61%39%30.silk','https://drh.likeduoduiyi.cn/homework/voice/2a9b028cccb348579b8baf4385b2d323.mp3',12000,NULL,NULL,12000,0,'admin','admin','2026-03-16 17:17:29.724','2026-03-16 17:17:52.174'),(16,3,4,'VOICE','','',NULL,'https://kkhc.tos-cn-beijing.volces.com/eps-juzibot/permanent/material/%36%39%62%37%63%61%61%61%66%31%66%32%37%31%33%34%32%37%30%35%61%61%66%62.silk','https://drh.likeduoduiyi.cn/homework/voice/b02928706ad14c3389118b639613942b.mp3',27000,NULL,NULL,27000,0,'admin','admin','2026-03-16 17:17:31.633','2026-03-16 17:17:54.148'),(17,3,1,'VOICE','','',NULL,'https://kkhc.tos-cn-beijing.volces.com/eps-juzibot/permanent/material/%36%39%62%37%63%61%64%30%66%31%66%32%37%31%33%34%32%37%30%35%62%32%38%34.silk','https://drh.likeduoduiyi.cn/homework/voice/b6456fca0619444b93ea32bcf5702e02.mp3',27000,NULL,NULL,27000,0,'admin','admin','2026-03-16 17:18:09.655','2026-03-17 11:36:28.793'),(18,3,2,'VOICE','','',NULL,'https://kkhc.tos-cn-beijing.volces.com/eps-juzibot/permanent/material/%36%39%62%37%63%61%64%32%31%64%37%39%64%33%33%64%32%63%64%34%31%37%31%35.silk','https://drh.likeduoduiyi.cn/homework/voice/300b5fd585534cf8b1118b5941594264.mp3',27000,NULL,NULL,27000,0,'admin','admin','2026-03-16 17:18:11.214','2026-03-17 11:36:28.793'),(19,3,3,'VOICE','','',NULL,'https://kkhc.tos-cn-beijing.volces.com/eps-juzibot/permanent/material/%36%39%62%37%63%61%64%33%66%31%66%32%37%31%33%34%32%37%30%35%62%33%30%62.silk','https://drh.likeduoduiyi.cn/homework/voice/47a1a699c26540a39a5a8640b40fbb40.mp3',22000,NULL,NULL,22000,0,'admin','admin','2026-03-16 17:18:12.810','2026-03-17 11:36:28.793'),(20,3,4,'VOICE','','',NULL,'https://kkhc.tos-cn-beijing.volces.com/eps-juzibot/permanent/material/%36%39%62%37%63%61%64%35%37%34%31%33%64%64%63%31%66%61%36%61%36%39%35%64.silk','https://drh.likeduoduiyi.cn/homework/voice/302bc24223134ed4abc659f5e827c028.mp3',12000,NULL,NULL,12000,0,'admin','admin','2026-03-16 17:18:14.112','2026-03-17 11:36:28.793'),(21,4,1,'VOICE','question','手型有问题',NULL,'https://kkhc.tos-cn-beijing.volces.com/eps-juzibot/permanent/material/%36%39%62%37%63%63%30%39%31%64%37%39%64%33%33%64%32%63%64%34%38%33%37%33.silk','https://drh.likeduoduiyi.cn/homework/voice/6c57fb6010434276a00f73841367be69.mp3',28000,NULL,NULL,28000,1,'admin','admin','2026-03-16 17:23:21.910','2026-03-16 17:23:21.910'),(22,5,1,'VOICE','','',NULL,'https://kkhc.tos-cn-beijing.volces.com/eps-juzibot/permanent/material/%36%39%62%37%63%63%32%39%31%64%37%39%64%33%33%64%32%63%64%34%38%36%66%30.silk','https://drh.likeduoduiyi.cn/homework/voice/343ffb371ded48c4bb8c2c6c8f5b7a4c.mp3',42000,NULL,NULL,42000,0,'admin','admin','2026-03-16 17:23:54.965','2026-03-17 11:37:23.115'),(23,6,1,'TEXT','hasReply','true','🌹第一节课已经很不错了哈，刚刚开始学习一个新的技法，因为跟您之前弹琴的习惯是不一样的，刚开始手腕不舒服、感觉弹奏的不连贯，手指很累是正常现象，肯定是不能立马就能熟练运用的，那咱们课下一定要去多多练习，当您习惯之后对技法掌握也会更加熟练，这个时候您再运用到日常的弹奏中，整体就会有一个很大的提升😃回放已经发给您啦 您有时间可以看一下~😊有新的作品可以再发给老师哈 老师帮您指点一下其中的不足。',NULL,NULL,NULL,NULL,NULL,20000,1,'admin','admin','2026-03-16 17:25:20.428','2026-03-16 17:25:20.428'),(24,7,1,'RANDOM_EMOJI','','',NULL,NULL,NULL,NULL,NULL,NULL,20000,0,'admin','admin','2026-03-16 17:25:47.423','2026-03-17 11:39:32.814'),(25,8,1,'TEXT','lastDayCompleteHomeWork','true','很高兴能再次看到您的弹奏视频，老师现在来给您说一下作业的问题',NULL,NULL,NULL,NULL,NULL,20000,1,'admin','admin','2026-03-16 17:28:24.062','2026-03-16 17:28:24.062'),(26,8,2,'TEXT','lastDayCompleteHomeWork','false','终于看到您的作业啦，老师等您很久了，老师现在来给您说一下作业的问题',NULL,NULL,NULL,NULL,NULL,20000,1,'admin','admin','2026-03-16 19:53:53.672','2026-03-16 19:53:53.672'),(27,8,3,'VOICE','question','合手有问题',NULL,'https://kkhc.tos-cn-beijing.volces.com/eps-juzibot/permanent/material/%36%39%62%38%63%33%30%37%37%34%31%33%64%64%63%31%66%61%64%33%38%38%32%66.silk','https://drh.likeduoduiyi.cn/homework/voice/948519d0b0984745b17facb83f03a079.mp3',14000,NULL,NULL,14000,1,'admin','admin','2026-03-17 10:57:12.563','2026-03-17 10:57:12.563'),(28,8,4,'VOICE','question','合手有问题',NULL,'https://kkhc.tos-cn-beijing.volces.com/eps-juzibot/permanent/material/%36%39%62%38%63%33%30%39%33%63%38%63%65%33%63%63%30%32%36%34%35%65%37%35.silk','https://drh.likeduoduiyi.cn/homework/voice/205b162f601749dab0a75c57d2701189.mp3',56000,NULL,NULL,56000,1,'admin','admin','2026-03-17 10:57:14.890','2026-03-17 10:57:14.890'),(29,8,5,'VOICE','question','单手有问题',NULL,'https://kkhc.tos-cn-beijing.volces.com/eps-juzibot/permanent/material/%36%39%62%38%63%33%30%62%37%34%31%33%64%64%63%31%66%61%64%33%38%39%38%61.silk','https://drh.likeduoduiyi.cn/homework/voice/e85be0bdf34745cd9fcc515195f9da73.mp3',34000,NULL,NULL,34000,1,'admin','admin','2026-03-17 10:57:16.712','2026-03-17 10:57:16.712'),(30,8,6,'VOICE','question','单手有问题',NULL,'https://kkhc.tos-cn-beijing.volces.com/eps-juzibot/permanent/material/%36%39%62%38%63%33%30%64%37%34%31%33%64%64%63%31%66%61%64%33%38%61%32%66.silk','https://drh.likeduoduiyi.cn/homework/voice/d0952d06e65f43bb942e5124c3d9fc11.mp3',46000,NULL,NULL,46000,1,'admin','admin','2026-03-17 10:57:18.616','2026-03-17 10:57:18.616'),(31,8,7,'VOICE','question','节奏有问题',NULL,'https://kkhc.tos-cn-beijing.volces.com/eps-juzibot/permanent/material/%36%39%62%38%63%33%66%66%37%34%31%33%64%64%63%31%66%61%64%34%38%39%63%36.silk','https://drh.likeduoduiyi.cn/homework/voice/0251185fed054ffab770465a804a427a.mp3',25000,NULL,NULL,25000,1,'admin','admin','2026-03-17 11:01:20.681','2026-03-17 11:01:20.681'),(32,8,8,'VOICE','question','节奏有问题',NULL,'https://kkhc.tos-cn-beijing.volces.com/eps-juzibot/permanent/material/%36%39%62%38%63%34%30%31%37%34%31%33%64%64%63%31%66%61%64%34%38%63%64%62.silk','https://drh.likeduoduiyi.cn/homework/voice/6930a6afcba1406b8225e9e075e4ee20.mp3',46000,NULL,NULL,46000,1,'admin','admin','2026-03-17 11:01:22.638','2026-03-17 11:01:22.638'),(33,9,1,'VOICE','question','弹得还可以',NULL,'https://kkhc.tos-cn-beijing.volces.com/eps-juzibot/permanent/material/%36%39%62%38%63%35%38%36%37%34%31%33%64%64%63%31%66%61%64%35%65%34%34%61.silk','https://drh.likeduoduiyi.cn/homework/voice/fe2c6b63f6e140e19ace0759bd50bf83.mp3',25000,NULL,NULL,25000,1,'admin','admin','2026-03-17 11:07:51.370','2026-03-17 11:07:51.370'),(34,9,2,'VOICE','question','弹得一般般',NULL,'https://kkhc.tos-cn-beijing.volces.com/eps-juzibot/permanent/material/%36%39%62%38%63%35%39%36%33%63%38%63%65%33%63%63%30%32%36%35%65%34%30%64.silk','https://drh.likeduoduiyi.cn/homework/voice/10c75e0b43684aab9364c205c8416bed.mp3',25000,NULL,NULL,25000,1,'admin','admin','2026-03-17 11:08:07.053','2026-03-17 11:08:07.053'),(35,10,1,'TEXT','hasReply','true','不客气的同学🌹，第二天的课程结束啦。老师在课上讲解的顺指法，扩指法还有增减时线的原理也希望您能活学活用。在每天早上起床的时候别忘了再巩固一下咱们的弹琴方法。学好弹琴是个日积月累的过程，要做到少时多练，相信您只要一步一步跟着老师的方法慢慢来，大胆动手弹，老师相信你学了6节课会有不少收获的哈~',NULL,NULL,NULL,NULL,NULL,20000,1,'admin','admin','2026-03-17 11:10:31.450','2026-03-17 11:10:31.450'),(36,10,2,'RANDOM_EMOJI','hasReply','false',NULL,NULL,NULL,NULL,NULL,NULL,20000,1,'admin','admin','2026-03-17 11:11:22.252','2026-03-17 11:11:22.252'),(37,11,1,'VOICE','','',NULL,'https://kkhc.tos-cn-beijing.volces.com/eps-juzibot/permanent/material/%36%39%62%38%63%37%30%37%31%64%37%39%64%33%33%64%32%63%32%33%38%62%37%31.silk','https://drh.likeduoduiyi.cn/homework/voice/65080abbbac74a3badac77dd92aa2ca8.mp3',45000,NULL,NULL,45000,0,'admin','admin','2026-03-17 11:14:16.741','2026-03-17 11:14:51.002'),(38,11,2,'VOICE','','',NULL,'https://kkhc.tos-cn-beijing.volces.com/eps-juzibot/permanent/material/%36%39%62%38%63%37%30%39%31%64%37%39%64%33%33%64%32%63%32%33%38%63%31%30.silk','https://drh.likeduoduiyi.cn/homework/voice/1a311c87f94b4fa797f5a9163e09983d.mp3',60000,NULL,NULL,60000,0,'admin','admin','2026-03-17 11:14:19.255','2026-03-17 11:14:53.769'),(39,11,3,'VOICE','','',NULL,'https://kkhc.tos-cn-beijing.volces.com/eps-juzibot/permanent/material/%36%39%62%38%63%37%31%30%33%63%38%63%65%33%63%63%30%32%36%36%34%36%36%30.silk','https://drh.likeduoduiyi.cn/homework/voice/5384e019a20b4fe58cb98597617b0026.mp3',45000,NULL,NULL,45000,0,'admin','admin','2026-03-17 11:14:25.806','2026-03-17 11:14:55.807'),(40,11,4,'VOICE','','',NULL,'https://kkhc.tos-cn-beijing.volces.com/eps-juzibot/permanent/material/%36%39%62%38%63%37%31%32%31%64%37%39%64%33%33%64%32%63%32%33%38%65%33%35.silk','https://drh.likeduoduiyi.cn/homework/voice/f7e2087e2260490d9601c416653912ae.mp3',60000,NULL,NULL,60000,0,'admin','admin','2026-03-17 11:14:28.196','2026-03-17 11:14:58.110'),(41,11,1,'VOICE','','',NULL,'https://kkhc.tos-cn-beijing.volces.com/eps-juzibot/permanent/material/%36%39%62%38%63%37%33%38%37%34%31%33%64%64%63%31%66%61%64%36%38%32%64%64.silk','https://drh.likeduoduiyi.cn/homework/voice/bf43efea255047f480d155b44ecab6fe.mp3',45000,NULL,NULL,45000,0,'admin','admin','2026-03-17 11:15:06.078','2026-03-17 11:15:10.330'),(42,11,1,'VOICE','','',NULL,'https://kkhc.tos-cn-beijing.volces.com/eps-juzibot/permanent/material/%36%39%62%38%63%37%34%34%37%34%31%33%64%64%63%31%66%61%64%36%38%37%36%66.silk','https://drh.likeduoduiyi.cn/homework/voice/6f208f23955847dbb831691838685d70.mp3',45000,NULL,NULL,45000,1,'admin','admin','2026-03-17 11:15:17.705','2026-03-17 11:15:17.705'),(43,11,2,'VOICE','','',NULL,'https://kkhc.tos-cn-beijing.volces.com/eps-juzibot/permanent/material/%36%39%62%38%63%39%33%38%31%64%37%39%64%33%33%64%32%63%32%34%33%34%64%62.silk','https://drh.likeduoduiyi.cn/homework/voice/a4f5a71e19ce462faaa17e3a9a266b24.mp3',30000,NULL,NULL,30000,1,'admin','admin','2026-03-17 11:23:37.262','2026-03-17 11:23:37.262'),(44,11,3,'VOICE','','',NULL,'https://kkhc.tos-cn-beijing.volces.com/eps-juzibot/permanent/material/%36%39%62%38%63%39%33%61%33%63%38%63%65%33%63%63%30%32%36%36%64%66%37%65.silk','https://drh.likeduoduiyi.cn/homework/voice/83876816540e45f79a4143fb73303b74.mp3',60000,NULL,NULL,60000,1,'admin','admin','2026-03-17 11:23:39.793','2026-03-17 11:23:39.793'),(45,12,1,'VOICE','','',NULL,'https://kkhc.tos-cn-beijing.volces.com/eps-juzibot/permanent/material/%36%39%62%38%63%39%37%32%37%34%31%33%64%64%63%31%66%61%64%37%35%61%64%34.silk','https://drh.likeduoduiyi.cn/homework/voice/5a465ffcd2dc41b58851d38646964987.mp3',47000,NULL,NULL,47000,1,'admin','admin','2026-03-17 11:24:35.824','2026-03-17 11:24:35.824'),(46,13,1,'RANDOM_EMOJI','','',NULL,NULL,NULL,NULL,NULL,NULL,20000,1,'admin','admin','2026-03-17 11:24:57.137','2026-03-17 11:24:57.137'),(47,14,1,'TEXT','','','非常棒！老师看到您提交的作业了',NULL,NULL,NULL,NULL,NULL,20000,1,'admin','admin','2026-03-17 11:25:44.133','2026-03-17 11:25:44.133'),(48,14,2,'VOICE','isEnrolled','true',NULL,'https://kkhc.tos-cn-beijing.volces.com/eps-juzibot/permanent/material/%36%39%62%38%63%61%34%35%37%34%31%33%64%64%63%31%66%61%64%37%39%33%32%66.silk','https://drh.likeduoduiyi.cn/homework/voice/2bda9582ce0f47789a31e8f50708e6e1.mp3',25000,NULL,NULL,25000,1,'admin','admin','2026-03-17 11:28:06.333','2026-03-17 11:28:06.333'),(49,14,3,'VOICE','isEnrolled','true',NULL,'https://kkhc.tos-cn-beijing.volces.com/eps-juzibot/permanent/material/%36%39%62%38%63%61%34%37%33%63%38%63%65%33%63%63%30%32%36%37%32%39%65%31.silk','https://drh.likeduoduiyi.cn/homework/voice/6e8a63d97b3448e2a5897a1d0dc34c5f.mp3',31000,NULL,NULL,31000,1,'admin','admin','2026-03-17 11:28:08.023','2026-03-17 11:28:08.023'),(50,14,4,'VOICE','isEnrolled','false',NULL,'https://kkhc.tos-cn-beijing.volces.com/eps-juzibot/permanent/material/%36%39%62%38%63%61%34%38%37%34%31%33%64%64%63%31%66%61%64%37%39%34%32%34.silk','https://drh.likeduoduiyi.cn/homework/voice/d1ab71990efb40308c8ce2514ba4f146.mp3',25000,NULL,NULL,25000,1,'admin','admin','2026-03-17 11:28:09.517','2026-03-17 11:28:09.517'),(51,14,5,'VOICE','isEnrolled','false',NULL,'https://kkhc.tos-cn-beijing.volces.com/eps-juzibot/permanent/material/%36%39%62%38%63%61%34%39%31%64%37%39%64%33%33%64%32%63%32%34%35%64%63%63.silk','https://drh.likeduoduiyi.cn/homework/voice/5db4437ca0fb4f40a918e9c07065641e.mp3',35000,NULL,NULL,35000,1,'admin','admin','2026-03-17 11:28:10.940','2026-03-17 11:28:10.940'),(52,2,6,'VOICE','question','指法有问题',NULL,'https://kkhc.tos-cn-beijing.volces.com/eps-juzibot/permanent/material/%36%39%62%38%63%62%35%64%33%63%38%63%65%33%63%63%30%32%36%37%64%33%39%37.silk','https://drh.likeduoduiyi.cn/homework/voice/31879803b0e9402bb5f3128ce63430c5.mp3',27000,NULL,NULL,27000,1,'admin','admin','2026-03-17 11:32:46.408','2026-03-17 11:32:46.408'),(53,2,7,'VOICE','question','指法有问题',NULL,'https://kkhc.tos-cn-beijing.volces.com/eps-juzibot/permanent/material/%36%39%62%38%63%62%35%66%31%64%37%39%64%33%33%64%32%63%32%34%63%66%66%39.silk','https://drh.likeduoduiyi.cn/homework/voice/1902001edc2f44c8b97cc67f70ee2bb3.mp3',27000,NULL,NULL,27000,1,'admin','admin','2026-03-17 11:32:48.358','2026-03-17 11:32:48.358'),(54,2,8,'VOICE','question','指法有问题',NULL,'https://kkhc.tos-cn-beijing.volces.com/eps-juzibot/permanent/material/%36%39%62%38%63%62%36%31%37%34%31%33%64%64%63%31%66%61%64%38%34%30%66%39.silk','https://drh.likeduoduiyi.cn/homework/voice/de3799f1d901443186865349117842ad.mp3',22000,NULL,NULL,22000,1,'admin','admin','2026-03-17 11:32:50.107','2026-03-17 11:32:50.107'),(55,2,9,'VOICE','question','指法有问题',NULL,'https://kkhc.tos-cn-beijing.volces.com/eps-juzibot/permanent/material/%36%39%62%38%63%62%36%32%33%63%38%63%65%33%63%63%30%32%36%37%64%35%31%32.silk','https://drh.likeduoduiyi.cn/homework/voice/88b0e15e97c54368b0d61048223bd7d5.mp3',12000,NULL,NULL,12000,1,'admin','admin','2026-03-17 11:32:51.342','2026-03-17 11:32:51.342'),(56,4,2,'VOICE','question','手型没问题',NULL,'https://kkhc.tos-cn-beijing.volces.com/eps-juzibot/permanent/material/%36%39%62%38%63%63%38%34%33%63%38%63%65%33%63%63%30%32%36%38%34%31%36%66.silk','https://drh.likeduoduiyi.cn/homework/voice/81f0947165e84776938971275bdf06f5.mp3',28000,NULL,NULL,28000,1,'admin','admin','2026-03-17 11:37:41.224','2026-03-17 11:37:41.224'),(57,6,2,'RANDOM_EMOJI','hasReply','false',NULL,NULL,NULL,NULL,NULL,NULL,20000,1,'admin','admin','2026-03-17 11:39:47.741','2026-03-17 11:39:47.741'),(58,14,6,'IMAGE','','',NULL,'https://kkhc.tos-cn-beijing.volces.com/mh/permanent/material/126e7c6f-909b-4ab1-9bf6-f058b2a9cc49/%61%31%61%61%64%39%32%39%38%31%63%37%34%34%66%33%39%30%37%61%37%37%32%38%61%63%39%63%36%62%38%30.jpg','https://drh.likeduoduiyi.cn/homework/file/a1aad92981c744f3907a7728ac9c6b80.jpg',NULL,NULL,NULL,2000,0,'admin','admin','2026-03-21 14:01:44.621','2026-03-21 14:04:55.291'),(59,14,6,'IMAGE','','',NULL,'https://kkhc.tos-cn-beijing.volces.com/mh/permanent/material/6aa5bb92-2825-404f-8f3d-cf65d72504ec/%62%62%37%32%61%61%39%63%38%37%61%31%34%62%38%64%38%61%64%37%30%32%30%61%62%38%30%30%38%66%35%38.png','https://drh.likeduoduiyi.cn/homework/file/bb72aa9c87a14b8d8ad7020ab8008f58.png',NULL,NULL,NULL,2000,0,'admin','admin','2026-03-23 10:22:52.084','2026-03-23 10:23:21.131'),(60,17,1,'RANDOM_EMOJI','','',NULL,NULL,NULL,NULL,NULL,NULL,2000,1,'admin','admin','2026-03-27 16:21:31.453','2026-03-27 16:21:31.453'),(61,18,1,'TEXT','','','同学，课程还没开始的，您真积极！',NULL,NULL,NULL,NULL,NULL,2000,1,'admin','admin','2026-03-27 16:37:58.299','2026-03-27 16:37:58.299'),(62,17,2,'IMAGE','','',NULL,'https://kkhc.tos-cn-beijing.volces.com/mh/permanent/material/cad78822-973e-4fde-b9a1-a59edbfb9a9d/%62%31%34%31%63%66%35%63%39%31%30%38%34%63%64%35%62%31%37%64%65%37%64%38%65%64%33%37%34%38%31%62.png','https://drh.likeduoduiyi.cn/homework/file/b141cf5c91084cd5b17de7d8ed37481b.png',NULL,NULL,NULL,2000,0,'admin','admin','2026-03-30 19:11:19.764','2026-03-30 19:11:45.190'),(63,2,10,'VOICE','question','指法没问题,手型没问题',NULL,'https://kkhc.tos-cn-beijing.volces.com/eps-juzibot/permanent/material/%36%39%63%65%32%31%34%31%66%31%66%32%37%31%33%34%32%37%66%38%63%66%65%63.silk','https://drh.likeduoduiyi.cn/homework/voice/7802994a78a54d6c8778df4ac57a3390.mp3',40000,NULL,NULL,40000,1,'admin','admin','2026-04-02 15:56:50.503','2026-04-02 15:56:50.503'),(64,20,1,'TEXT','','','同学您好，老师听了你的作业，真的是太棒了！老师给您点个大大的赞！',NULL,NULL,NULL,NULL,NULL,20000,1,'online_sql_20260416','admin','2026-04-16 17:04:47.845','2026-04-16 17:04:47.845'),(65,20,2,'VOICE','question','手型有问题',NULL,'https://kkhc.tos-cn-beijing.volces.com/eps-juzibot/permanent/material/%36%39%62%37%63%38%34%63%66%31%66%32%37%31%33%34%32%37%30%34%63%63%37%33.silk','https://drh.likeduoduiyi.cn/homework/voice/6d94e076f71d4eaeb15c278c37f8e622.mp3',24000,NULL,NULL,24000,0,'online_sql_20260416','admin','2026-04-16 17:04:47.845','2026-04-16 17:23:21.608'),(66,20,3,'VOICE','question','手型有问题',NULL,'https://kkhc.tos-cn-beijing.volces.com/eps-juzibot/permanent/material/%36%39%62%37%63%38%34%65%66%31%66%32%37%31%33%34%32%37%30%34%63%65%31%30.silk','https://drh.likeduoduiyi.cn/homework/voice/5a68b227af3c4285a5e75acf119b3c46.mp3',27000,NULL,NULL,27000,0,'online_sql_20260416','admin','2026-04-16 17:04:47.845','2026-04-16 17:23:24.248'),(67,20,4,'IMAGE','question','手型有问题',NULL,'https://kkhc.tos-cn-beijing.volces.com/mh/permanent/material/772c2608-d261-4e40-af58-5c7d7110139a/%65%39%61%31%64%36%35%35%66%65%31%62%34%39%39%64%39%61%31%61%35%64%62%38%35%39%38%37%31%37%33%39.png','https://drh.likeduoduiyi.cn/homework/file/e9a1d655fe1b499d9a1a5db859871739.png',NULL,NULL,NULL,20000,0,'online_sql_20260416','admin','2026-04-16 17:04:47.845','2026-04-16 17:23:26.667'),(68,20,5,'VOICE','question','手型有问题',NULL,'https://kkhc.tos-cn-beijing.volces.com/eps-juzibot/permanent/material/%36%39%62%37%63%61%35%66%66%31%66%32%37%31%33%34%32%37%30%35%39%30%32%66.silk','https://drh.likeduoduiyi.cn/homework/voice/54ecef3a01854cf1a28523e3c2aa72be.mp3',37000,NULL,NULL,37000,0,'online_sql_20260416','admin','2026-04-16 17:04:47.845','2026-04-16 17:23:28.725'),(69,20,6,'VOICE','question','指法有问题',NULL,'https://kkhc.tos-cn-beijing.volces.com/eps-juzibot/permanent/material/%36%39%62%38%63%62%35%64%33%63%38%63%65%33%63%63%30%32%36%37%64%33%39%37.silk','https://drh.likeduoduiyi.cn/homework/voice/31879803b0e9402bb5f3128ce63430c5.mp3',27000,NULL,NULL,27000,0,'online_sql_20260416','admin','2026-04-16 17:04:47.845','2026-04-16 17:23:30.629'),(70,20,7,'VOICE','question','指法有问题',NULL,'https://kkhc.tos-cn-beijing.volces.com/eps-juzibot/permanent/material/%36%39%62%38%63%62%35%66%31%64%37%39%64%33%33%64%32%63%32%34%63%66%66%39.silk','https://drh.likeduoduiyi.cn/homework/voice/1902001edc2f44c8b97cc67f70ee2bb3.mp3',27000,NULL,NULL,27000,0,'online_sql_20260416','admin','2026-04-16 17:04:47.845','2026-04-16 17:23:32.592'),(71,20,8,'VOICE','question','指法有问题',NULL,'https://kkhc.tos-cn-beijing.volces.com/eps-juzibot/permanent/material/%36%39%62%38%63%62%36%31%37%34%31%33%64%64%63%31%66%61%64%38%34%30%66%39.silk','https://drh.likeduoduiyi.cn/homework/voice/de3799f1d901443186865349117842ad.mp3',22000,NULL,NULL,22000,0,'online_sql_20260416','admin','2026-04-16 17:04:47.845','2026-04-16 17:23:34.411'),(72,20,9,'VOICE','question','指法有问题',NULL,'https://kkhc.tos-cn-beijing.volces.com/eps-juzibot/permanent/material/%36%39%62%38%63%62%36%32%33%63%38%63%65%33%63%63%30%32%36%37%64%35%31%32.silk','https://drh.likeduoduiyi.cn/homework/voice/88b0e15e97c54368b0d61048223bd7d5.mp3',12000,NULL,NULL,12000,0,'online_sql_20260416','admin','2026-04-16 17:04:47.845','2026-04-16 17:23:36.762'),(73,20,10,'VOICE','question','指法没问题,手型没问题',NULL,'https://kkhc.tos-cn-beijing.volces.com/eps-juzibot/permanent/material/%36%39%63%65%32%31%34%31%66%31%66%32%37%31%33%34%32%37%66%38%63%66%65%63.silk','https://drh.likeduoduiyi.cn/homework/voice/7802994a78a54d6c8778df4ac57a3390.mp3',40000,NULL,NULL,40000,0,'online_sql_20260416','admin','2026-04-16 17:04:47.845','2026-04-16 17:23:38.766'),(74,21,1,'VOICE','question','手型有问题',NULL,'https://kkhc.tos-cn-beijing.volces.com/eps-juzibot/permanent/material/%36%39%62%37%63%63%30%39%31%64%37%39%64%33%33%64%32%63%64%34%38%33%37%33.silk','https://drh.likeduoduiyi.cn/homework/voice/6c57fb6010434276a00f73841367be69.mp3',28000,NULL,NULL,28000,0,'online_sql_20260416','admin','2026-04-16 17:04:47.845','2026-04-16 17:34:34.742'),(75,21,2,'VOICE','question','手型没问题',NULL,'https://kkhc.tos-cn-beijing.volces.com/eps-juzibot/permanent/material/%36%39%62%38%63%63%38%34%33%63%38%63%65%33%63%63%30%32%36%38%34%31%36%66.silk','https://drh.likeduoduiyi.cn/homework/voice/81f0947165e84776938971275bdf06f5.mp3',28000,NULL,NULL,28000,0,'online_sql_20260416','admin','2026-04-16 17:04:47.845','2026-04-16 17:34:25.379'),(76,22,1,'TEXT','hasReply','true','🌹第一节课已经很不错了哈，刚刚开始学习一个新的技法，因为跟您之前弹琴的习惯是不一样的，刚开始手腕不舒服、感觉弹奏的不连贯，手指很累是正常现象，肯定是不能立马就能熟练运用的，那咱们课下一定要去多多练习，当您习惯之后对技法掌握也会更加熟练，这个时候您再运用到日常的弹奏中，整体就会有一个很大的提升😃回放已经发给您啦 您有时间可以看一下~😊有新的作品可以再发给老师哈 老师帮您指点一下其中的不足。',NULL,NULL,NULL,NULL,NULL,20000,0,'online_sql_20260416','admin','2026-04-16 17:04:47.845','2026-04-16 17:35:27.046'),(77,22,2,'RANDOM_EMOJI','hasReply','false',NULL,NULL,NULL,NULL,NULL,NULL,20000,0,'online_sql_20260416','admin','2026-04-16 17:04:47.845','2026-04-16 17:55:41.773'),(78,23,1,'TEXT','lastDayCompleteHomeWork','true','我对你的声音很有印象，对比你第一课是很有进步哦~',NULL,NULL,NULL,NULL,NULL,20000,1,'online_sql_20260416','api','2026-04-16 17:04:47.845','2026-04-16 17:04:47.845'),(79,23,2,'TEXT','lastDayCompleteHomeWork','false','终于听到您的声音了，老师等您很久了，我来给您点评第二课的作业了',NULL,NULL,NULL,NULL,NULL,20000,1,'online_sql_20260416','api','2026-04-16 17:04:47.845','2026-04-16 17:04:47.845'),(80,23,3,'VOICE','question','合手有问题',NULL,'https://kkhc.tos-cn-beijing.volces.com/eps-juzibot/permanent/material/%36%39%62%38%63%33%30%37%37%34%31%33%64%64%63%31%66%61%64%33%38%38%32%66.silk','https://drh.likeduoduiyi.cn/homework/voice/948519d0b0984745b17facb83f03a079.mp3',14000,NULL,NULL,14000,0,'online_sql_20260416','admin','2026-04-16 17:04:47.845','2026-04-16 17:36:23.216'),(81,23,4,'VOICE','question','合手有问题',NULL,'https://kkhc.tos-cn-beijing.volces.com/eps-juzibot/permanent/material/%36%39%62%38%63%33%30%39%33%63%38%63%65%33%63%63%30%32%36%34%35%65%37%35.silk','https://drh.likeduoduiyi.cn/homework/voice/205b162f601749dab0a75c57d2701189.mp3',56000,NULL,NULL,56000,0,'online_sql_20260416','admin','2026-04-16 17:04:47.845','2026-04-16 17:36:26.520'),(82,23,5,'VOICE','question','单手有问题',NULL,'https://kkhc.tos-cn-beijing.volces.com/eps-juzibot/permanent/material/%36%39%62%38%63%33%30%62%37%34%31%33%64%64%63%31%66%61%64%33%38%39%38%61.silk','https://drh.likeduoduiyi.cn/homework/voice/e85be0bdf34745cd9fcc515195f9da73.mp3',34000,NULL,NULL,34000,0,'online_sql_20260416','admin','2026-04-16 17:04:47.845','2026-04-16 17:36:28.950'),(83,23,6,'VOICE','question','单手有问题',NULL,'https://kkhc.tos-cn-beijing.volces.com/eps-juzibot/permanent/material/%36%39%62%38%63%33%30%64%37%34%31%33%64%64%63%31%66%61%64%33%38%61%32%66.silk','https://drh.likeduoduiyi.cn/homework/voice/d0952d06e65f43bb942e5124c3d9fc11.mp3',46000,NULL,NULL,46000,0,'online_sql_20260416','admin','2026-04-16 17:04:47.845','2026-04-16 17:36:30.909'),(84,23,7,'VOICE','question','节奏有问题',NULL,'https://kkhc.tos-cn-beijing.volces.com/eps-juzibot/permanent/material/%36%39%62%38%63%33%66%66%37%34%31%33%64%64%63%31%66%61%64%34%38%39%63%36.silk','https://drh.likeduoduiyi.cn/homework/voice/0251185fed054ffab770465a804a427a.mp3',25000,NULL,NULL,25000,0,'online_sql_20260416','admin','2026-04-16 17:04:47.845','2026-04-16 17:36:33.160'),(85,23,8,'VOICE','question','节奏有问题',NULL,'https://kkhc.tos-cn-beijing.volces.com/eps-juzibot/permanent/material/%36%39%62%38%63%34%30%31%37%34%31%33%64%64%63%31%66%61%64%34%38%63%64%62.silk','https://drh.likeduoduiyi.cn/homework/voice/6930a6afcba1406b8225e9e075e4ee20.mp3',46000,NULL,NULL,46000,0,'online_sql_20260416','admin','2026-04-16 17:04:47.845','2026-04-16 17:36:35.291'),(86,24,1,'VOICE','question','弹得还可以',NULL,'https://kkhc.tos-cn-beijing.volces.com/eps-juzibot/permanent/material/%36%39%62%38%63%35%38%36%37%34%31%33%64%64%63%31%66%61%64%35%65%34%34%61.silk','https://drh.likeduoduiyi.cn/homework/voice/fe2c6b63f6e140e19ace0759bd50bf83.mp3',25000,NULL,NULL,25000,0,'online_sql_20260416','admin','2026-04-16 17:04:47.845','2026-04-16 17:54:27.129'),(87,24,2,'VOICE','question','弹得一般般',NULL,'https://kkhc.tos-cn-beijing.volces.com/eps-juzibot/permanent/material/%36%39%62%38%63%35%39%36%33%63%38%63%65%33%63%63%30%32%36%35%65%34%30%64.silk','https://drh.likeduoduiyi.cn/homework/voice/10c75e0b43684aab9364c205c8416bed.mp3',25000,NULL,NULL,25000,0,'online_sql_20260416','admin','2026-04-16 17:04:47.845','2026-04-16 17:54:25.375'),(88,25,1,'TEXT','hasReply','true','不客气的同学🌹，第二天的课程结束啦。老师在课上讲解的顺指法，扩指法还有增减时线的原理也希望您能活学活用。在每天早上起床的时候别忘了再巩固一下咱们的弹琴方法。学好弹琴是个日积月累的过程，要做到少时多练，相信您只要一步一步跟着老师的方法慢慢来，大胆动手弹，老师相信你学了6节课会有不少收获的哈~',NULL,NULL,NULL,NULL,NULL,20000,0,'online_sql_20260416','admin','2026-04-16 17:04:47.845','2026-04-16 17:55:21.571'),(89,25,2,'RANDOM_EMOJI','hasReply','false',NULL,NULL,NULL,NULL,NULL,NULL,20000,0,'online_sql_20260416','admin','2026-04-16 17:04:47.845','2026-04-16 17:55:28.469'),(90,26,1,'VOICE','','',NULL,'https://kkhc.tos-cn-beijing.volces.com/eps-juzibot/permanent/material/%36%39%62%38%63%37%34%34%37%34%31%33%64%64%63%31%66%61%64%36%38%37%36%66.silk','https://drh.likeduoduiyi.cn/homework/voice/6f208f23955847dbb831691838685d70.mp3',45000,NULL,NULL,45000,0,'online_sql_20260416','admin','2026-04-16 17:04:47.845','2026-04-16 17:56:18.209'),(91,26,2,'VOICE','','',NULL,'https://kkhc.tos-cn-beijing.volces.com/eps-juzibot/permanent/material/%36%39%62%38%63%39%33%38%31%64%37%39%64%33%33%64%32%63%32%34%33%34%64%62.silk','https://drh.likeduoduiyi.cn/homework/voice/a4f5a71e19ce462faaa17e3a9a266b24.mp3',30000,NULL,NULL,30000,0,'online_sql_20260416','admin','2026-04-16 17:04:47.845','2026-04-16 17:56:15.513'),(92,26,3,'VOICE','','',NULL,'https://kkhc.tos-cn-beijing.volces.com/eps-juzibot/permanent/material/%36%39%62%38%63%39%33%61%33%63%38%63%65%33%63%63%30%32%36%36%64%66%37%65.silk','https://drh.likeduoduiyi.cn/homework/voice/83876816540e45f79a4143fb73303b74.mp3',60000,NULL,NULL,60000,0,'online_sql_20260416','admin','2026-04-16 17:04:47.845','2026-04-16 17:56:13.646'),(93,27,1,'VOICE','','',NULL,'https://kkhc.tos-cn-beijing.volces.com/eps-juzibot/permanent/material/%36%39%62%38%63%39%37%32%37%34%31%33%64%64%63%31%66%61%64%37%35%61%64%34.silk','https://drh.likeduoduiyi.cn/homework/voice/5a465ffcd2dc41b58851d38646964987.mp3',47000,NULL,NULL,47000,0,'online_sql_20260416','admin','2026-04-16 17:04:47.845','2026-04-16 18:03:22.655'),(94,28,1,'RANDOM_EMOJI','','',NULL,NULL,NULL,NULL,NULL,NULL,20000,1,'online_sql_20260416','online_sql_20260416','2026-04-16 17:04:47.845','2026-04-16 17:04:47.845'),(95,29,1,'TEXT','qwUserId_RLike','default','非常棒！老师看到您提交的作业了',NULL,NULL,NULL,NULL,NULL,20000,1,'online_sql_20260416','api','2026-04-16 17:04:47.845','2026-04-16 17:04:47.845'),(96,29,2,'VOICE','isEnrolled','true',NULL,'https://kkhc.tos-cn-beijing.volces.com/eps-juzibot/permanent/material/%36%39%62%38%63%61%34%35%37%34%31%33%64%64%63%31%66%61%64%37%39%33%32%66.silk','https://drh.likeduoduiyi.cn/homework/voice/2bda9582ce0f47789a31e8f50708e6e1.mp3',25000,NULL,NULL,25000,0,'online_sql_20260416','admin','2026-04-16 17:04:47.845','2026-04-16 18:04:44.182'),(97,29,3,'VOICE','isEnrolled','true',NULL,'https://kkhc.tos-cn-beijing.volces.com/eps-juzibot/permanent/material/%36%39%62%38%63%61%34%37%33%63%38%63%65%33%63%63%30%32%36%37%32%39%65%31.silk','https://drh.likeduoduiyi.cn/homework/voice/6e8a63d97b3448e2a5897a1d0dc34c5f.mp3',31000,NULL,NULL,31000,0,'online_sql_20260416','admin','2026-04-16 17:04:47.845','2026-04-16 18:04:42.167'),(98,29,4,'VOICE','isEnrolled','false',NULL,'https://kkhc.tos-cn-beijing.volces.com/eps-juzibot/permanent/material/%36%39%62%38%63%61%34%38%37%34%31%33%64%64%63%31%66%61%64%37%39%34%32%34.silk','https://drh.likeduoduiyi.cn/homework/voice/d1ab71990efb40308c8ce2514ba4f146.mp3',25000,NULL,NULL,25000,0,'online_sql_20260416','admin','2026-04-16 17:04:47.845','2026-04-16 18:04:40.468'),(99,29,5,'VOICE','isEnrolled','false',NULL,'https://kkhc.tos-cn-beijing.volces.com/eps-juzibot/permanent/material/%36%39%62%38%63%61%34%39%31%64%37%39%64%33%33%64%32%63%32%34%35%64%63%63.silk','https://drh.likeduoduiyi.cn/homework/voice/5db4437ca0fb4f40a918e9c07065641e.mp3',35000,NULL,NULL,35000,0,'online_sql_20260416','admin','2026-04-16 17:04:47.845','2026-04-16 18:04:37.997'),(100,32,1,'RANDOM_EMOJI','','',NULL,NULL,NULL,NULL,NULL,NULL,2000,1,'online_sql_20260416','online_sql_20260416','2026-04-16 17:04:47.845','2026-04-16 17:04:47.845'),(101,33,1,'TEXT','','','看到你主动提交作业了，积极性太赞啦！[强]',NULL,NULL,NULL,NULL,NULL,2000,1,'online_sql_20260416','admin','2026-04-16 17:04:47.845','2026-04-16 17:04:47.845'),(127,20,2,'TEXT','','','以上是完成作业的奖励 《宝典》👆👆表现非常棒哦，同学，咱们坚持上课坚持练习。 不过也要记得多喝温水保护好嗓子哦，老师看好你[玫瑰]',NULL,NULL,NULL,NULL,NULL,2000,0,'admin','admin','2026-04-16 17:24:03.326','2026-04-16 17:24:18.547'),(128,21,1,'TEXT','','','同学你好，老师听了你发来的作业，能听出来喉咙打开的动作更熟练了，这个其实就是进步，老师为你的学习精神点赞，特别棒。',NULL,NULL,NULL,NULL,NULL,10000,1,'admin','admin','2026-04-16 17:34:44.624','2026-04-16 17:34:44.624'),(129,21,2,'TEXT','','','而且老师发现你把气息支撑的技法也融入进去了一些，虽然能听出来不是很熟练，不过整个歌曲的完成度又上了一个小小的台阶。继续加油吧！老师期待你有更大的进步，也期待你后面的作品~',NULL,NULL,NULL,NULL,NULL,6000,1,'admin','admin','2026-04-16 17:35:00.496','2026-04-16 17:35:00.496'),(130,23,3,'TEXT','lastDayCompleteHomeWork&&qwUserId_RLike','true&&default','同学又收到您的作业了，那结合这几天学到的技巧，老师觉得你是很有进步的，运用的也更好一些了，很棒啊。',NULL,NULL,NULL,NULL,NULL,10000,1,'admin','api','2026-04-16 17:44:02.507','2026-04-16 17:44:02.507'),(131,23,4,'TEXT','lastDayCompleteHomeWork&&qwUserId_RLike','true&&default','那今晚教学了三种呼吸技巧，主要是帮助您在唱歌儿的过程当中有气息的支持。这也是老师之前一直给大家强调的歌者必先善其气。那同时呢，锻炼咱们的气息。目前老师能听得出你在唱歌的过程当中呢。是在有意识的控制自己的气息，对不对？看来咱们课上学的方法对你是有帮助的啊。老师听出来了，非常的棒。',NULL,NULL,NULL,NULL,NULL,10000,1,'admin','api','2026-04-16 17:44:34.149','2026-04-16 17:44:34.149'),(132,23,5,'TEXT','lastDayCompleteHomeWork&&qwUserId_RLike','true&&default','那现在呀，老师建议您把学过的气球呼吸法还有吐丝法分别的多多练习呀。咱们课上学习的歌儿，或者是您自己喜欢的歌儿都可以带入到这两个方法当中去练习。等你练了两三天之后呢，你就会觉得用气去发声，不仅呢，能让咱们的身体更加舒服。在吐故纳新的过程当中，还会帮助咱们的身体促进新陈代谢。',NULL,NULL,NULL,NULL,NULL,10000,1,'admin','api','2026-04-16 17:44:55.615','2026-04-16 17:44:55.615'),(133,20,2,'TEXT','qwUserId_RLike','default','您这第一份作业呀，是一个非常棒的开头儿。老师给您点赞啊，那咱们学声乐呢，无论是刚开始唱的如何大胆的开口，就已经是超过了很多同学了啊。流水不争先，咱们争的是一个滔滔不绝对不对知识点有掌握。真是不错啊，那咱们在唱高音的时候呢，嘴巴的开合度还是可以再调整一下的。你看这个嘴巴打开的再大一点儿，咱们用开合法配合着就可以让声音更加的有空间感，听起来会更加饱满了。那以后唱歌儿就再也不会有大白嗓的情况了。',NULL,NULL,NULL,NULL,NULL,10000,1,'admin','admin','2026-04-16 17:46:29.587','2026-04-16 17:46:29.587'),(134,20,3,'TEXT','qwUserId_RLike','default','老师通过您的这第一份作业已经了解到您的嗓音情况了啊。您目前的演唱呢，是有一些卡顿和走调儿的那应该呀，也是跟咱们有点儿紧张，并且呢，对于歌曲还不是很熟悉导致的对不对？所以呢，您不用过于担心啊。现在呢，我们已经有了一个很好的开头儿。只要我们第一步迈出来了，那离成功就不远了。重要的是要有开头儿啊，那距离唱出好听的歌曲呢，也只是时间的问题了。那今天晚上啊，咱们会讲解了两个唱歌儿的万能技巧，也帮助您正确的打开了喉咙。接下来就一定要多多的复习，让这个方法。变成我们自己的歌唱习惯好吗？',NULL,NULL,NULL,NULL,NULL,10000,1,'admin','admin','2026-04-16 17:46:51.814','2026-04-16 17:46:51.814'),(135,20,4,'TEXT','qwUserId_RLike','default','因为您的基础还是比较薄弱的，那么在学习第一课的时候啊，可能难免会遇到一些问题。不过，您的学习态度非常的棒，老师也会一直关注您的学习的。咱们继续加油，有不懂的随时来找我',NULL,NULL,NULL,NULL,NULL,6000,1,'admin','admin','2026-04-16 17:47:47.941','2026-04-16 17:47:47.941'),(136,20,5,'PDF','','',NULL,'https://kkhc.tos-cn-beijing.volces.com/mh/permanent/material/2823f236-b985-44ca-a5ea-91657ebe17e2/%31%35%62%30%31%30%37%39%36%36%32%36%34%66%64%38%61%33%33%37%65%66%65%32%37%30%62%30%64%34%65%30.pdf','https://drh.likeduoduiyi.cn/homework/file/15b0107966264fd8a337efe270b0d4e0.pdf',NULL,'1.%E3%80%8A%E5%BC%80%E5%BC%80%E7%8B%AC%E5%AE%B6%E4%B9%90%E7%90%86%E3%80%8B.pdf',5486777,2000,0,'admin','admin','2026-04-16 17:48:17.145','2026-04-17 21:08:22.340'),(137,23,6,'TEXT','lastDayCompleteHomeWork&&qwUserId_RLike','false&&default','同学，你好。终于收到你的作业了啊，这是一个很棒的开头儿啊，那老师呢，也一直在关注您的学习情况。首先，您目前的歌唱状态呀，是非常好的。听得出你在唱歌儿的过程当中呢，是有意识的在控制自己的气息。说明您学的非常认真，老师为你点赞。',NULL,NULL,NULL,NULL,NULL,10000,1,'admin','api','2026-04-16 17:50:40.846','2026-04-16 17:50:40.846'),(138,23,7,'TEXT','lastDayCompleteHomeWork&&qwUserId_RLike','false&&default','今晚教学了三种呼吸技巧，那老师也给您来总结一下气球呼吸法。就像是啊，你想象自己在吹一个气球，然后呢，慢慢的吸气，然后呢，让我们这个腰腹部像气球一样膨胀起来，然后我们再慢慢的呼气。呼，让这个气球慢慢的这个气息呀，把这个气送出去啊，通过我们的口送出去，这样呢，是可以帮助你更好的控制气息的流量和速度的。',NULL,NULL,NULL,NULL,NULL,10000,1,'admin','api','2026-04-16 17:51:09.002','2026-04-16 17:51:09.002'),(139,23,8,'TEXT','lastDayCompleteHomeWork&&qwUserId_RLike','false&&default','吐丝法呢，就是想象自己在吐一根很长很长的丝线。我们用气息把这个丝线慢慢的吐出来。这样啊，就可以帮助你更好的去控制气息的稳定和连贯性',NULL,NULL,NULL,NULL,NULL,10000,1,'admin','api','2026-04-16 17:51:36.971','2026-04-16 17:51:36.971'),(140,23,9,'TEXT','lastDayCompleteHomeWork&&qwUserId_RLike','false&&default','现在呢，您的技巧运用还不是很熟练。那我们现在呢，要先把这个基础的气球呼吸法还有吐丝法，咱们多多练习起来。用我们课上的歌儿也行，或者说用您自己喜欢的歌儿都是可以的啊，都是可以带入这些方法去练习的。那我们先练两到3天来感受一下。你就会发现，我用这个气去发声啊，不仅我的身体很舒服了，而且呢，我的喉咙也不疼了，也不累了啊。并且在吐故纳新的这个吸气呼吸的过程当中，这个气会帮助我们身体。去促进新陈代谢的，对我们身体也是非常好的。所以呢，在学习的过程当中，不但能够让自己高兴，我们还能锻炼身体，是不是。',NULL,NULL,NULL,NULL,NULL,10000,1,'admin','api','2026-04-16 17:52:33.682','2026-04-16 17:52:33.682'),(141,23,10,'TEXT','lastDayCompleteHomeWork&&qwUserId_RLike','false&&default','明天晚上啊，我们会学习口鼻腔共鸣。咱们一定要大胆的开口唱啊，老师期待你的作业，还是会单独给您指导的好吗？加油哦。',NULL,NULL,NULL,NULL,NULL,7000,1,'admin','api','2026-04-16 17:52:56.260','2026-04-16 17:52:56.260'),(142,23,11,'PDF','lastDayCompleteHomeWork','false',NULL,'https://kkhc.tos-cn-beijing.volces.com/mh/permanent/material/3167bbee-19ff-4870-9106-0e1ee7b3e210/%37%35%64%61%62%32%34%39%66%37%62%34%34%31%31%37%62%32%64%36%34%32%32%66%36%64%36%31%38%36%37%36.pdf','https://drh.likeduoduiyi.cn/homework/file/75dab249f7b44117b2d6422f6d618676.pdf',NULL,'2.%E3%80%8A%E5%BC%80%E5%BC%80%E5%9F%BA%E6%9C%AC%E6%8A%80%E5%B7%A7%E3%80%8B.pdf',642347,2000,0,'admin','admin','2026-04-16 17:53:32.563','2026-04-16 17:53:53.346'),(143,23,11,'PDF','','',NULL,'https://kkhc.tos-cn-beijing.volces.com/mh/permanent/material/a66ae61c-1b22-4194-b56f-eac95484a170/%36%61%66%64%33%37%61%33%33%37%62%38%34%36%31%66%39%36%31%66%64%63%61%36%32%30%65%66%36%37%39%39.pdf','https://drh.likeduoduiyi.cn/homework/file/6afd37a337b8461f961fdca620ef6799.pdf',NULL,'2.%E3%80%8A%E5%BC%80%E5%BC%80%E5%9F%BA%E6%9C%AC%E6%8A%80%E5%B7%A7%E3%80%8B.pdf',642347,2000,0,'admin','admin','2026-04-16 17:54:04.689','2026-04-17 21:06:30.812'),(144,24,1,'TEXT','','','老师认真听了你发来的作业，整体好听度很高，不得不说比上次交的作业进步不小，老师很欣慰',NULL,NULL,NULL,NULL,NULL,5000,1,'admin','admin','2026-04-16 17:54:42.344','2026-04-16 17:54:42.344'),(145,24,2,'TEXT','','','同时呢，老师也建议你在一些高音部分要注意发声技巧，多多练习发声技巧，避免用力过度，保护嗓子。其实做什么都讲究熟练，咱们学习的技法是一样的，老师虽然可以让你快速的学会方法，快速改善问题，却不能帮你掌握熟练，所以下去可以多练习练习，比如做家务的时候，晨练的时候都可以，整体来说是有进步的，继续加油呀！',NULL,NULL,NULL,NULL,NULL,11000,1,'admin','admin','2026-04-16 17:55:08.308','2026-04-16 17:55:08.308'),(146,25,1,'RANDOM_EMOJI','','',NULL,NULL,NULL,NULL,NULL,NULL,2000,1,'admin','admin','2026-04-16 17:55:32.764','2026-04-16 17:55:32.764'),(147,22,1,'RANDOM_EMOJI','','',NULL,NULL,NULL,NULL,NULL,NULL,2000,1,'admin','admin','2026-04-16 17:55:45.511','2026-04-16 17:55:45.511'),(148,26,1,'TEXT','lastDayCompleteHomeWork','true','收到您的练唱啦，下面是详细点评和学习奖励，请查收',NULL,NULL,NULL,NULL,NULL,7000,1,'admin','admin','2026-04-16 17:56:54.940','2026-04-16 17:56:54.940'),(149,26,2,'VOICE','lastDayCompleteHomeWork&&qwUserId_RLike','true&&default',NULL,'https://kkhc.tos-cn-beijing.volces.com/eps-juzibot/permanent/material/%36%39%65%30%62%32%66%36%66%31%66%32%37%31%33%34%32%37%30%34%36%32%30%32.silk','https://drh.likeduoduiyi.cn/homework/voice/fe22ad088141459c8fd90733d9b02c44.m4a',87000,NULL,NULL,87000,0,'admin','api','2026-04-16 17:59:18.938','2026-04-22 18:09:18.634'),(150,26,3,'VOICE','lastDayCompleteHomeWork&&qwUserId_RLike','true&&default',NULL,'https://kkhc.tos-cn-beijing.volces.com/eps-juzibot/permanent/material/%36%39%65%30%62%32%66%38%33%38%37%36%30%32%65%64%37%64%63%32%31%66%36%37.silk','https://drh.likeduoduiyi.cn/homework/voice/671be73bfa1f4190b64e3b74b33226f0.m4a',222000,NULL,NULL,222000,0,'admin','api','2026-04-16 17:59:22.381','2026-04-22 18:09:18.751'),(151,26,4,'VOICE','lastDayCompleteHomeWork&&qwUserId_RLike','true&&default',NULL,'https://kkhc.tos-cn-beijing.volces.com/eps-juzibot/permanent/material/%36%39%65%30%62%32%66%62%66%31%66%32%37%31%33%34%32%37%30%34%36%32%62%66.silk','https://drh.likeduoduiyi.cn/homework/voice/047263a19d13406e966e96bc058f90f5.m4a',139000,NULL,NULL,139000,0,'admin','api','2026-04-16 17:59:24.028','2026-04-22 18:09:18.824'),(152,26,5,'TEXT','lastDayCompleteHomeWork','false','🤩收到您的作业啦，很棒哦',NULL,NULL,NULL,NULL,NULL,5000,1,'admin','admin','2026-04-16 18:00:43.295','2026-04-16 18:00:43.295'),(153,26,6,'VOICE','lastDayCompleteHomeWork&&qwUserId_RLike','false&&default',NULL,'https://kkhc.tos-cn-beijing.volces.com/eps-juzibot/permanent/material/%36%39%65%30%62%33%38%63%66%31%66%32%37%31%33%34%32%37%30%34%63%37%32%34.silk','https://drh.likeduoduiyi.cn/homework/voice/49adb90c0a95400083c2b509fa9efd6d.m4a',98000,NULL,NULL,98000,0,'admin','api','2026-04-16 18:01:49.377','2026-04-22 18:09:18.915'),(154,26,7,'VOICE','lastDayCompleteHomeWork&&qwUserId_RLike','false&&default',NULL,'https://kkhc.tos-cn-beijing.volces.com/eps-juzibot/permanent/material/%36%39%65%30%62%33%38%65%33%38%37%36%30%32%65%64%37%64%63%32%62%31%32%38.silk','https://drh.likeduoduiyi.cn/homework/voice/5b64a2f5e11f42fabf0b1887fd1cb4e0.m4a',142000,NULL,NULL,142000,0,'admin','api','2026-04-16 18:01:51.681','2026-04-22 18:09:19.016'),(155,26,8,'VOICE','lastDayCompleteHomeWork&&qwUserId_RLike','false&&default',NULL,'https://kkhc.tos-cn-beijing.volces.com/eps-juzibot/permanent/material/%36%39%65%30%62%33%39%30%66%31%66%32%37%31%33%34%32%37%30%34%63%39%37%39.silk','https://drh.likeduoduiyi.cn/homework/voice/3ed2799e535d474ca08941b62068553a.m4a',82000,NULL,NULL,82000,0,'admin','api','2026-04-16 18:01:53.474','2026-04-22 18:09:19.108'),(156,26,9,'VOICE','lastDayCompleteHomeWork&&qwUserId_RLike','false&&default',NULL,'https://kkhc.tos-cn-beijing.volces.com/eps-juzibot/permanent/material/%36%39%65%30%62%33%39%32%33%38%37%36%30%32%65%64%37%64%63%32%62%35%35%66.silk','https://drh.likeduoduiyi.cn/homework/voice/fad2e8a8184e4f288b0ae293123c0930.m4a',269000,NULL,NULL,269000,0,'admin','api','2026-04-16 18:01:55.866','2026-04-22 18:09:19.197'),(157,26,10,'PDF','','',NULL,'https://kkhc.tos-cn-beijing.volces.com/mh/permanent/material/380dd043-7b81-4d48-b46e-bb694e35f6d9/%61%32%38%38%31%62%33%37%66%38%30%35%34%65%39%35%62%36%34%61%62%65%63%30%34%31%30%66%32%38%65%61.pdf','https://drh.likeduoduiyi.cn/homework/file/a2881b37f8054e95b64abec0410f28ea.pdf',NULL,'3.《KTV麦霸宝典》.pdf',231681,6000,1,'admin','admin','2026-04-16 18:03:02.938','2026-04-16 18:03:02.938'),(158,27,1,'TEXT','','','同学，老师认真听了，咱们这次的作业的整体评分，要比上次高一些，老师可以给你具体分析一下，这次的进步其实得益于你的音乐感的提升以及发声技巧的运用，当然，这次在去运用技巧的时候也更自然了，但是，仍然要注意发声时的气息和音高掌控，个别部分还是需要加强练习和调整的。天之大这首歌难就难在用上鼻腔和共鸣去唱，只要能把这个技法掌握熟了，气息和音高也会表现的更好',NULL,NULL,NULL,NULL,NULL,9000,1,'admin','admin','2026-04-16 18:03:45.816','2026-04-16 18:03:45.816'),(159,27,2,'TEXT','','','老师也发现，咱们在节奏节拍方面，还是有一些不稳定。但没关系，第四节就要讲节奏的问题，到时候来跟着老师学一学、练一练，之后再唱，就能跟上节奏了、也会更加的有律动感了。加油！',NULL,NULL,NULL,NULL,NULL,8000,1,'admin','admin','2026-04-16 18:03:58.784','2026-04-16 18:03:58.784'),(160,29,2,'TEXT','qwUserId_RLike','default','收到您的作业了，老师听出你的节奏感是有明显的提升的，非常好。这首歌的难点就在于节奏，但是节奏这个知识点本身是很难的，节奏感也不是能短时间快速解决的，所以在课上有意识的心灵节奏打拍子了，这就非常好。不过在唱的过程中，咬字有一些重，其实当我们再去唱快歌儿的时候，不用把字咬的太重，不要读的那么圆了。当你习惯了舌尖灵活发音的时候，唱快歌也就不会觉得慌乱了。',NULL,NULL,NULL,NULL,NULL,9000,1,'admin','api','2026-04-16 18:09:01.717','2026-04-16 18:09:01.717'),(161,29,3,'TEXT','qwUserId_RLike','default','你在唱这首歌时，大部分音都很稳，课上听的也很认真，但有个别音还是没有唱准确，问题主要是出在气息上，你的气息并没有很好的稳定住你的声音，导致有的音会倒下来或偏出去，听起来就不那么准确。声乐是一门需要长期练习的技术，跟着老师系统的学和练，才能越唱越好听。奖励发给您，期待您在开开华彩的进步，加油。',NULL,NULL,NULL,NULL,NULL,12000,1,'admin','api','2026-04-16 18:09:15.632','2026-04-16 18:09:15.632'),(162,29,4,'PDF','','',NULL,'https://kkhc.tos-cn-beijing.volces.com/mh/permanent/material/3d58f6d5-38fb-41e2-87d2-0c7ddf24878e/%65%61%61%34%32%35%64%32%32%61%36%61%34%63%31%61%39%30%63%34%66%64%33%64%32%37%31%33%32%34%65%33.pdf','https://drh.likeduoduiyi.cn/homework/file/eaa425d22a6a4c1a90c4fd3d271324e3.pdf',NULL,'4.%E3%80%8A%E5%BC%80%E5%BC%80%E5%90%8D%E5%AE%B6%E6%8A%80%E5%B7%A7%E5%AE%9D%E5%85%B8%E3%80%8B.pdf',780037,2000,0,'admin','admin','2026-04-16 18:09:48.431','2026-04-17 21:10:59.519'),(163,30,1,'TEXT','isEnrolled&&qwUserId_RLike','true&&default','刚才听了你的声音了，你在唱这首歌的时候呀，大部分的音都很稳。但是老师用专业的耳朵去分辨了一下啊，还是能听出有个别的音啊，还是需要加强。如果想要把音准完全的唱好。你就一定要多多关注你这个气息上的问题啊，因为老师听到你这个气息呢，目前还不是很稳。如果你的气息不稳，你就没有办法很好的去稳定住你的声音，那么就会导致你的声音呢，偶尔会倒下来或者是偏出去，听起来就不准确了对吧。那我们结合今天学习的这个识谱子啊，还有音高的这个概念，其实呢，你已经对音准的知识开始入门儿了',NULL,NULL,NULL,NULL,NULL,10000,1,'admin','api','2026-04-16 18:10:28.031','2026-04-16 18:10:28.031'),(164,30,2,'TEXT','isEnrolled&&qwUserId_RLike','false&&default','同学，你好，你在唱这首歌时，大部分音都很稳，课上听的也很认真。但有个别音还是没有唱准确。问题主要是出在气息上，你的气息并没有很好的稳定住你的声音，导致有的音会倒下来或偏出去，听起来就不那么准确。',NULL,NULL,NULL,NULL,NULL,10000,1,'admin','api','2026-04-16 18:17:10.848','2026-04-16 18:17:10.848'),(165,30,3,'TEXT','isEnrolled&&qwUserId_RLike','false&&default','关于气息能力的提升，需要用方法坚持练习，因为气息是一门大技术，需要我们进行长期训练，并不是几天内就能完全掌握的，以你目前的情况，需要把气息练习列为重点学习方向。因为。气息能帮助你从根本上解决音准问题。气息，老师的系统课里会有更详细的教学，你要跟老师继续学吗？',NULL,NULL,NULL,NULL,NULL,10000,1,'admin','api','2026-04-16 18:19:34.343','2026-04-16 18:19:34.343'),(166,30,4,'TEXT','isEnrolled&&qwUserId_RLike','true&&default','而关于气息能力的这部分的提升呢，还是需要用方法坚持的去练习的。因为气息呢，它是一门大技术啊，需要我们进行长期的训练，并不是说几天内就能完全掌握的。当然你目前的演唱还是很不错的，我们只需要把这个气息的练习去列为一个重点的学习方向，就一定能唱的更好，因为气息能够帮助你啊，从根本上去解决音准的问题啊，一定要记住这一点。那最后呢，老师还想给你一个小提示，一起来回忆一下前五节课你都学了哪些技巧啊，想一想我们在脑子里过一遍。因为下节课上课的时候呀，会对你帮助很大的，我们一起做好准备来迎接最后一节课吧。老师也准备了一场美丽的烟花秀，在课上等着你。那我们课上见啊。',NULL,NULL,NULL,NULL,NULL,10000,1,'admin','online_sql_20260423_remove_zhangman','2026-04-16 18:20:45.771','2026-04-23 16:42:47.000'),(167,30,5,'PDF','','',NULL,'https://kkhc.tos-cn-beijing.volces.com/mh/permanent/material/1f1ae695-d59d-46ca-afc1-60e535ad40b6/%35%32%33%36%38%62%37%62%64%36%33%33%34%31%36%35%38%38%62%31%35%63%36%39%36%36%30%39%33%63%66%31.pdf','https://drh.likeduoduiyi.cn/homework/file/52368b7bd633416588b15c6966093cf1.pdf',NULL,'5.%E3%80%8A%E5%BC%80%E5%BC%80%E7%BB%8F%E5%85%B8%E5%90%8D%E6%9B%B2%E5%AE%9D%E5%85%B8%E3%80%8B3.pdf',16655764,2000,0,'admin','admin','2026-04-16 18:22:49.830','2026-04-17 21:17:10.291'),(168,31,1,'TEXT','isEnrolled&&qwUserId_RLike','true&&default','同学，你好！老师刚听了你的演唱，明显你的歌唱状态比之前饱满了，歌唱的整体情绪越来越好。喉咙打开得不错，也用上了一些共鸣，但要注意保持住，还不稳定，时有时无的。',NULL,NULL,NULL,NULL,NULL,10000,1,'admin','api','2026-04-16 18:24:03.716','2026-04-16 18:24:03.716'),(169,31,2,'TEXT','isEnrolled&&qwUserId_RLike','true&&default','前面也说过你的气息目前不稳，导致音不太准，在这个作业里又出现了同样的问题。所以，想把歌唱好，这些基础的技术问题一定要先解决掉。后面的课程会对你帮助很大，学完后，你的歌声会好听翻倍。',NULL,NULL,NULL,NULL,NULL,10000,1,'admin','api','2026-04-16 18:24:38.810','2026-04-16 18:24:38.810'),(170,31,3,'TEXT','isEnrolled&&qwUserId_RLike','true&&default','其实，对于我们有生活阅历的人，唱起歌来比起小年轻更有味道，因为我们的内心经历比年轻人更丰富，情感表达也更深邃和准确。',NULL,NULL,NULL,NULL,NULL,5000,1,'admin','api','2026-04-16 18:24:59.941','2026-04-16 18:24:59.941'),(171,31,4,'TEXT','isEnrolled&&qwUserId_RLike','true&&default','老师希望你平时多来唱歌，多表达自己，用真实情感唱出的歌声是最打动人心的。但作为初学者，可能你会因为技术问题，无法淋漓尽致的去表现情感，声音总是欠些火候。只要你能坚定信心，跟着老师学完72节课，这些问题都会解决。以后你再也不会因为喜欢哪首歌却唱不好，而感到烦恼和遗憾了。',NULL,NULL,NULL,NULL,NULL,9000,1,'admin','api','2026-04-16 18:25:23.635','2026-04-16 18:25:23.635'),(172,31,5,'TEXT','isEnrolled&&qwUserId_RLike','true&&default','以你的嗓音，能把歌曲唱得更好听，你的信心和决心一定会为你未来的生活带来惊喜！希望能在后面的课程里见到你。最后祝贺你顺利结业，愿你的生活每天都有歌声陪伴，愿你健康快乐 ! 🌷',NULL,NULL,NULL,NULL,NULL,7000,1,'admin','api','2026-04-16 18:25:46.303','2026-04-16 18:25:46.303'),(173,31,6,'TEXT','isEnrolled&&qwUserId_RLike','false&&default','同学，你好！老师刚听了你的演唱，明显你的歌唱状态比之前饱满了，歌唱的整体情绪越来越好。喉咙打开得不错，也用上了一些共鸣，但要注意保持住，还不稳定，时有时无的。',NULL,NULL,NULL,NULL,NULL,6000,1,'admin','api','2026-04-16 18:26:06.568','2026-04-16 18:26:06.568'),(174,31,7,'TEXT','isEnrolled&&qwUserId_RLike','false&&default','前面也说过你的气息目前不稳，导致音不太准，在这个作业里又出现了同样的问题。所以，想把歌唱好，这些基础的技术问题一定要先解决掉。后面的课程会对你帮助很大，学完后，你的歌声会好听翻倍',NULL,NULL,NULL,NULL,NULL,7000,1,'admin','api','2026-04-16 18:26:36.161','2026-04-16 18:26:36.161'),(175,31,8,'TEXT','isEnrolled&&qwUserId_RLike','false&&default','其实，对于我们有生活阅历的人，唱起歌来比起小年轻更有味道，因为我们的内心经历比年轻人更丰富，情感表达也更深邃和准确。',NULL,NULL,NULL,NULL,NULL,7000,1,'admin','api','2026-04-16 18:26:58.116','2026-04-16 18:26:58.116'),(176,31,9,'TEXT','isEnrolled&&qwUserId_RLike','false&&default','老师希望你平时多来唱歌，多表达自己，用真实情感唱出的歌声是最打动人心的。但作为初学者，可能你会因为技术问题，无法淋漓尽致的去表现情感，声音总是欠些火候。只要你能坚定信心，跟着老师学完72节课，这些问题都会解决。以后你再也不会因为喜欢哪首歌却唱不好，而感到烦恼和遗憾了',NULL,NULL,NULL,NULL,NULL,8000,1,'admin','api','2026-04-16 18:27:25.966','2026-04-16 18:27:25.966'),(177,31,10,'TEXT','isEnrolled&&qwUserId_RLike','false&&default','以你的嗓音，能把歌曲唱得更好听，你的信心和决心一定会为你未来的生活带来惊喜！希望能在后面的课程里见到你。最后祝贺你体验课顺利结业，愿你的生活每天都有歌声陪伴，愿你健康快乐 ! 🌷',NULL,NULL,NULL,NULL,NULL,10000,1,'admin','api','2026-04-16 18:27:49.693','2026-04-16 18:27:49.693'),(178,31,11,'TEXT','isEnrolled&&qwUserId_RLike','false&&default','课程结束了，老师的系统课报名通道今晚24点关闭，您到底是怎么考虑的 呢？',NULL,NULL,NULL,NULL,NULL,6000,1,'admin','online_sql_20260423_remove_zhangman','2026-04-16 18:28:12.828','2026-04-23 16:42:47.000'),(179,31,12,'PDF','','',NULL,'https://kkhc.tos-cn-beijing.volces.com/mh/permanent/material/10603525-4bdc-45fe-aa93-2365d43711ee/%37%36%32%31%61%30%35%32%62%36%65%35%34%31%65%66%39%65%65%34%65%36%39%39%38%35%62%33%62%35%36%61.pdf','https://drh.likeduoduiyi.cn/homework/file/7621a052b6e541ef9ee4e69985b3b56a.pdf',NULL,'6.《开开护嗓宝典》.pdf',226681,8000,1,'admin','admin','2026-04-16 18:28:43.067','2026-04-16 18:28:43.067'),(180,33,2,'TEXT','','','不过当前提交的作业对应的课程还未开课，～',NULL,NULL,NULL,NULL,NULL,2000,1,'admin','admin','2026-04-16 19:16:22.013','2026-04-16 19:16:22.013'),(181,35,1,'TEXT','','','看到你主动提交作业了，积极性太赞啦！[强]',NULL,NULL,NULL,NULL,NULL,2000,0,'admin','admin','2026-04-16 19:29:00.406','2026-04-16 19:29:14.801'),(182,36,1,'TEXT','','','不过当前提交的作业对应的课程还未开课～',NULL,NULL,NULL,NULL,NULL,2000,0,'admin','admin','2026-04-16 19:29:23.844','2026-04-16 19:29:30.198'),(183,36,1,'TEXT','','','看到你主动提交作业了，积极性太赞啦！[强]',NULL,NULL,NULL,NULL,NULL,2000,1,'admin','admin','2026-04-16 19:29:33.017','2026-04-16 19:29:33.017'),(184,36,2,'TEXT','','','不过当前提交的作业对应的课程还未开课～',NULL,NULL,NULL,NULL,NULL,2000,1,'admin','admin','2026-04-16 19:29:37.396','2026-04-16 19:29:37.396'),(185,37,1,'TEXT','','','看到你主动提交作业了，积极性太赞啦！[强]',NULL,NULL,NULL,NULL,NULL,2000,1,'admin','admin','2026-04-16 19:29:57.541','2026-04-16 19:29:57.541'),(186,37,2,'TEXT','','','不过当前提交的作业对应的课程还未开课～',NULL,NULL,NULL,NULL,NULL,2000,1,'admin','admin','2026-04-16 19:30:02.125','2026-04-16 19:30:02.125'),(187,38,1,'TEXT','','','看到你主动提交作业了，积极性太赞啦！[强]',NULL,NULL,NULL,NULL,NULL,2000,1,'admin','admin','2026-04-16 19:30:32.709','2026-04-16 19:30:32.709'),(188,38,2,'TEXT','','','不过当前提交的作业对应的课程还未开课～',NULL,NULL,NULL,NULL,NULL,2000,1,'admin','admin','2026-04-16 19:30:40.374','2026-04-16 19:30:40.374'),(189,39,1,'TEXT','','','看到你主动提交作业了，积极性太赞啦！[强]',NULL,NULL,NULL,NULL,NULL,2000,1,'admin','admin','2026-04-16 19:30:56.893','2026-04-16 19:30:56.893'),(190,39,2,'TEXT','','','不过当前提交的作业对应的课程还未开课～',NULL,NULL,NULL,NULL,NULL,2000,1,'admin','admin','2026-04-16 19:31:02.170','2026-04-16 19:31:02.170'),(191,40,1,'TEXT','','','看到你主动提交作业了，积极性太赞啦！[强]',NULL,NULL,NULL,NULL,NULL,2000,1,'admin','admin','2026-04-16 19:31:11.340','2026-04-16 19:31:11.340'),(192,40,2,'TEXT','','','不过当前提交的作业对应的课程还未开课～',NULL,NULL,NULL,NULL,NULL,2000,1,'admin','admin','2026-04-16 19:31:15.494','2026-04-16 19:31:15.494'),(193,41,1,'TEXT','','','建议有时间补充提交刚学完课程的作业呀，提交后老师会第一时间为你做详细点评，既能及时检验当天学习效果，也能更好地巩固新知哦！',NULL,NULL,NULL,NULL,NULL,2000,1,'admin','admin','2026-04-16 19:37:22.134','2026-04-16 19:37:22.134'),(194,41,2,'PDF','','',NULL,'https://kkhc.tos-cn-beijing.volces.com/mh/permanent/material/be2eb7b8-d821-4ab8-b772-07f044a2910c/%66%30%62%63%33%37%63%38%33%62%36%64%34%34%39%31%39%61%63%39%30%35%32%63%38%66%39%34%39%61%38%62.pdf','https://drh.likeduoduiyi.cn/homework/file/f0bc37c83b6d44919ac9052c8f949a8b.pdf',NULL,'1.《开开独家乐理》.pdf',5486777,2000,1,'admin','admin','2026-04-16 19:38:07.800','2026-04-25 08:21:49.239'),(195,42,1,'TEXT','','','建议有时间补充提交刚学完课程的作业呀，提交后老师会第一时间为你做详细点评，既能及时检验当天学习效果，也能更好地巩固新知哦！',NULL,NULL,NULL,NULL,NULL,2000,1,'admin','admin','2026-04-16 19:38:30.977','2026-04-16 19:38:30.977'),(196,42,2,'PDF','','',NULL,'https://kkhc.tos-cn-beijing.volces.com/mh/permanent/material/e0cf5e46-a761-401d-9ab2-9bffd535bf6d/%64%34%62%65%62%30%30%37%32%32%30%33%34%32%32%35%38%66%33%61%34%61%65%38%33%39%31%33%35%38%30%38.pdf','https://drh.likeduoduiyi.cn/homework/file/d4beb007220342258f3a4ae839135808.pdf',NULL,'2.《开开基本技巧》.pdf',642347,2000,1,'admin','admin','2026-04-16 19:38:56.947','2026-04-16 19:38:56.947'),(197,43,1,'TEXT','','','建议有时间补充提交刚学完课程的作业呀，提交后老师会第一时间为你做详细点评，既能及时检验当天学习效果，也能更好地巩固新知哦！',NULL,NULL,NULL,NULL,NULL,2000,1,'admin','admin','2026-04-16 19:39:28.958','2026-04-16 19:39:28.958'),(198,43,2,'PDF','','',NULL,'https://kkhc.tos-cn-beijing.volces.com/mh/permanent/material/02ddcf36-a33a-4a19-ad5e-6d77a9a557a9/%30%62%66%64%65%61%31%30%65%61%66%65%34%35%36%33%39%30%64%31%63%32%39%62%65%34%62%39%35%31%35%39.pdf','https://drh.likeduoduiyi.cn/homework/file/0bfdea10eafe456390d1c29be4b95159.pdf',NULL,'3.《KTV麦霸宝典》.pdf',231681,2000,1,'admin','admin','2026-04-16 19:39:57.373','2026-04-25 08:21:49.271'),(199,44,1,'TEXT','','','建议有时间补充提交刚学完课程的作业呀，提交后老师会第一时间为你做详细点评，既能及时检验当天学习效果，也能更好地巩固新知哦！',NULL,NULL,NULL,NULL,NULL,2000,1,'admin','admin','2026-04-16 19:40:08.222','2026-04-16 19:40:08.222'),(200,44,2,'PDF','','',NULL,'https://kkhc.tos-cn-beijing.volces.com/mh/permanent/material/cf47bc1c-4c26-46af-8a5e-aca5d92639ca/%37%37%39%64%34%34%36%66%61%38%34%62%34%64%33%37%61%62%37%35%34%30%61%66%64%36%33%33%61%33%30%32.pdf','https://drh.likeduoduiyi.cn/homework/file/779d446fa84b4d37ab7540afd633a302.pdf',NULL,'4.《开开名家技巧宝典》.pdf',780037,2000,1,'admin','admin','2026-04-16 19:40:28.594','2026-04-16 19:40:28.594'),(201,45,1,'TEXT','','','建议有时间补充提交刚学完课程的作业呀，提交后老师会第一时间为你做详细点评，既能及时检验当天学习效果，也能更好地巩固新知哦！',NULL,NULL,NULL,NULL,NULL,2000,1,'admin','admin','2026-04-16 19:40:50.720','2026-04-16 19:40:50.720'),(202,45,2,'PDF','','',NULL,'https://kkhc.tos-cn-beijing.volces.com/mh/permanent/material/8146383d-2fd5-49e9-943e-fcf23a51ef49/%65%34%36%36%35%35%33%65%66%32%30%32%34%35%63%65%62%38%63%30%38%31%34%35%65%30%65%61%32%61%35%62.pdf','https://drh.likeduoduiyi.cn/homework/file/e466553ef20245ceb8c08145e0ea2a5b.pdf',NULL,'5.《开开经典名曲宝典》.pdf',822337,2000,1,'admin','admin','2026-04-16 19:41:03.545','2026-04-16 19:41:03.545'),(203,23,11,'PDF','','',NULL,'https://kkhc.tos-cn-beijing.volces.com/mh/permanent/material/9208dc66-e08c-46c0-8410-bd8f778115ea/%38%31%30%35%32%62%64%34%64%36%64%39%34%65%35%64%62%31%64%62%32%30%35%36%37%34%35%63%61%38%64%39.pdf','https://drh.likeduoduiyi.cn/homework/file/81052bd4d6d94e5db1db2056745ca8d9.pdf',NULL,'2.《开开基本技巧》.pdf',642347,7000,1,'admin','admin','2026-04-17 21:06:50.999','2026-04-25 08:18:57.399'),(204,20,5,'PDF','','',NULL,'https://kkhc.tos-cn-beijing.volces.com/mh/permanent/material/24ed06cb-dea2-4ddf-aba0-e77c68aedeac/%38%30%63%35%37%38%39%66%65%36%35%38%34%34%32%33%38%65%30%63%38%39%37%30%36%37%36%64%66%37%37%34.pdf','https://drh.likeduoduiyi.cn/homework/file/80c5789fe65844238e0c8970676df774.pdf',NULL,'1.《开开独家乐理》.pdf',5486777,7000,0,'admin','admin','2026-04-17 21:08:29.331','2026-04-25 08:18:57.429'),(205,29,5,'PDF','','',NULL,'https://kkhc.tos-cn-beijing.volces.com/mh/permanent/material/20341f38-53be-4d33-8767-fde29ebfe36a/%63%35%37%63%38%63%34%61%31%30%65%64%34%66%63%35%39%34%38%37%65%31%64%32%65%65%31%34%34%30%35%35.pdf','https://drh.likeduoduiyi.cn/homework/file/c57c8c4a10ed4fc59487e1d2ee144055.pdf',NULL,'4.《开开名家技巧宝典》.pdf',780037,7000,1,'admin','api','2026-04-17 21:11:02.229','2026-04-25 08:18:57.461'),(206,30,5,'PDF','','',NULL,'https://kkhc.tos-cn-beijing.volces.com/mh/permanent/material/fd11c82f-9121-48a1-8f62-1cf2cf7e2d5a/%62%65%66%37%31%37%63%62%61%62%64%39%34%37%30%66%62%64%38%33%35%66%63%63%36%63%36%33%65%34%65%39.pdf','https://drh.likeduoduiyi.cn/homework/file/bef717cbabd9470fbd835fcc6c63e4e9.pdf',NULL,'5.《开开经典名曲宝典》.pdf',16655764,6000,1,'admin','admin','2026-04-17 21:17:23.196','2026-04-25 08:18:57.493'),(207,20,5,'TEXT','','','以上是完成作业的奖励 《宝典》👆👆表现非常棒哦，同学，咱们坚持上课坚持练习。 不过也要记得多喝温水保护好嗓子哦，老师看好你[玫瑰]',NULL,NULL,NULL,NULL,NULL,10000,0,'admin','admin','2026-04-18 18:57:03.687','2026-04-18 18:57:13.430'),(208,20,4,'TEXT','','','以上是完成作业的奖励 《宝典》👆👆表现非常棒哦，同学，咱们坚持上课坚持练习。 不过也要记得多喝温水保护好嗓子哦，老师看好你[玫瑰]',NULL,NULL,NULL,NULL,NULL,10000,0,'admin','admin','2026-04-18 18:57:29.027','2026-04-18 19:07:01.854'),(209,20,3,'VOICE','qwUserId_RLike','wujianpeng,zhengweipeng,jishending,lishidong,mupenglin',NULL,'https://kkhc.tos-cn-beijing.volces.com/eps-juzibot/permanent/material/%36%39%65%33%36%34%37%35%31%64%37%39%64%33%33%64%32%63%35%33%61%61%34%63.silk','https://drh.likeduoduiyi.cn/homework/voice/f1badf22d4ba4c3e8c818f6e7f723ba7.mp3',48000,NULL,NULL,48000,0,'admin','online_sql_20260423_merge_wujian_group_voice','2026-04-18 19:01:10.731','2026-04-23 18:21:51.000'),(210,20,4,'VOICE','qwUserId_RLike','wujianpeng,zhengweipeng,jishending,lishidong,mupenglin',NULL,'https://kkhc.tos-cn-beijing.volces.com/eps-juzibot/permanent/material/%36%39%65%33%36%34%64%33%33%63%38%63%65%33%63%63%30%32%30%36%65%33%32%35.silk','https://drh.likeduoduiyi.cn/homework/voice/b2acfe92b93145cab4b47635a742cff2.mp3',29000,NULL,NULL,29000,0,'admin','admin','2026-04-18 19:02:45.063','2026-04-18 19:03:16.531'),(211,20,3,'VOICE','qwUserId_RLike','wujianpeng,zhengweipeng,jishending,lishidong,mupenglin',NULL,'https://kkhc.tos-cn-beijing.volces.com/eps-juzibot/permanent/material/%36%39%65%33%36%35%34%36%31%64%37%39%64%33%33%64%32%63%35%34%39%64%31%32.silk','https://drh.likeduoduiyi.cn/homework/voice/4262fd76adf64c999a1377520204f678.mp3',29000,NULL,NULL,29000,0,'admin','online_sql_20260423_merge_wujian_group_voice','2026-04-18 19:04:39.926','2026-04-23 18:21:51.000'),(212,20,4,'VOICE','qwUserId_RLike','wujianpeng,zhengweipeng,jishending,lishidong,mupenglin',NULL,'https://kkhc.tos-cn-beijing.volces.com/eps-juzibot/permanent/material/%36%39%65%33%36%35%34%38%33%63%38%63%65%33%63%63%30%32%30%37%36%38%65%34.silk','https://drh.likeduoduiyi.cn/homework/voice/5096530306a24bc09143cd35d56a3bc3.MP3',10000,NULL,NULL,10000,0,'admin','online_sql_20260423_merge_wujian_group_voice','2026-04-18 19:04:40.940','2026-04-23 18:21:51.000'),(213,20,5,'VOICE','qwUserId_RLike','wujianpeng,zhengweipeng,jishending,lishidong,mupenglin',NULL,'https://kkhc.tos-cn-beijing.volces.com/eps-juzibot/permanent/material/%36%39%65%33%36%35%34%39%33%63%38%63%65%33%63%63%30%32%30%37%36%62%34%66.silk','https://drh.likeduoduiyi.cn/homework/voice/1a80cbebc1694cd1ad07e1544a5e26cb.mp3',20000,NULL,NULL,20000,0,'admin','online_sql_20260423_merge_wujian_group_voice','2026-04-18 19:04:42.294','2026-04-23 18:21:51.000'),(214,20,6,'TEXT','','','以上是完成作业的奖励 《宝典》👆👆表现非常棒哦，同学，咱们坚持上课坚持练习。 不过也要记得多喝温水保护好嗓子哦，老师看好你[玫瑰]',NULL,NULL,NULL,NULL,NULL,10000,1,'admin','admin','2026-04-18 19:07:34.536','2026-04-18 19:07:34.536'),(215,20,7,'PDF','','',NULL,'https://kkhc.tos-cn-beijing.volces.com/mh/permanent/material/f6b0a14f-0ef6-4fa4-a765-fd17293bd9f4/%66%33%63%62%62%66%32%37%33%61%63%34%34%36%37%38%61%35%36%61%62%38%62%31%64%66%38%38%37%33%36%33.pdf','https://drh.likeduoduiyi.cn/homework/file/f3cbbf273ac44678a56ab8b1df887363.pdf',NULL,'1.《开开独家乐理》.pdf',5486777,7000,1,'admin','admin','2026-04-18 19:09:15.875','2026-04-25 08:18:57.525'),(216,23,3,'VOICE','lastDayCompleteHomeWork&&qwUserId_RLike','true&&wujianpeng,zhengweipeng,jishending,lishidong,mupenglin',NULL,'https://kkhc.tos-cn-beijing.volces.com/eps-juzibot/permanent/material/%36%39%65%33%37%39%39%34%31%64%37%39%64%33%33%64%32%63%35%64%36%38%65%34.silk','https://drh.likeduoduiyi.cn/homework/voice/b053ac95300f4ebbb8252984a39ac2fd.mp3',18000,NULL,NULL,18000,0,'api','online_sql_20260423_merge_wujian_group_voice','2026-04-18 20:29:17.176','2026-04-23 18:21:51.000'),(217,23,4,'VOICE','lastDayCompleteHomeWork&&qwUserId_RLike','true&&wujianpeng,zhengweipeng,jishending,lishidong,mupenglin',NULL,'https://kkhc.tos-cn-beijing.volces.com/eps-juzibot/permanent/material/%36%39%65%33%37%39%39%36%33%38%37%36%30%32%65%64%37%64%63%36%37%34%36%31.silk','https://drh.likeduoduiyi.cn/homework/voice/5f571ea6b8ac434b8f4dce5bbf640c0c.mp3',22000,NULL,NULL,22000,0,'api','online_sql_20260423_merge_wujian_group_voice','2026-04-18 20:29:18.714','2026-04-23 18:21:51.000'),(218,23,5,'VOICE','lastDayCompleteHomeWork&&qwUserId_RLike','true&&wujianpeng,zhengweipeng,jishending,lishidong,mupenglin',NULL,'https://kkhc.tos-cn-beijing.volces.com/eps-juzibot/permanent/material/%36%39%65%33%37%39%39%37%66%31%66%32%37%31%33%34%32%37%63%61%36%65%65%34.silk','https://drh.likeduoduiyi.cn/homework/voice/4777c89f98a14c26a6e40a7915194977.mp3',12000,NULL,NULL,12000,0,'api','online_sql_20260423_merge_wujian_group_voice','2026-04-18 20:29:19.935','2026-04-23 18:21:51.000'),(219,23,6,'VOICE','lastDayCompleteHomeWork&&qwUserId_RLike','true&&wujianpeng,zhengweipeng,jishending,lishidong,mupenglin',NULL,'https://kkhc.tos-cn-beijing.volces.com/eps-juzibot/permanent/material/%36%39%65%33%37%39%39%38%33%38%37%36%30%32%65%64%37%64%63%36%37%37%35%61.silk','https://drh.likeduoduiyi.cn/homework/voice/43d8b3624dbd4a6ba5f4394d7d215810.mp3',24000,NULL,NULL,24000,0,'api','online_sql_20260423_merge_wujian_group_voice','2026-04-18 20:29:21.363','2026-04-23 18:21:51.000'),(220,23,7,'VOICE','lastDayCompleteHomeWork&&qwUserId_RLike','true&&wujianpeng,zhengweipeng,jishending,lishidong,mupenglin',NULL,'https://kkhc.tos-cn-beijing.volces.com/eps-juzibot/permanent/material/%36%39%65%33%37%39%39%61%66%31%66%32%37%31%33%34%32%37%63%61%37%30%62%64.silk','https://drh.likeduoduiyi.cn/homework/voice/df77bd87f5364fe8b3bc83019bf4dfef.mp3',49000,NULL,NULL,49000,0,'api','online_sql_20260423_merge_wujian_group_voice','2026-04-18 20:29:23.195','2026-04-23 18:21:51.000'),(221,23,6,'VOICE','lastDayCompleteHomeWork&&qwUserId_RLike','false&&wujianpeng,zhengweipeng,jishending,lishidong,mupenglin',NULL,'https://kkhc.tos-cn-beijing.volces.com/eps-juzibot/permanent/material/%36%39%65%33%37%39%39%34%31%64%37%39%64%33%33%64%32%63%35%64%36%38%65%34.silk','https://drh.likeduoduiyi.cn/homework/voice/b053ac95300f4ebbb8252984a39ac2fd.mp3',18000,NULL,NULL,18000,0,'api','online_sql_20260423_merge_wujian_group_voice','2026-04-18 20:29:24.473','2026-04-23 18:21:51.000'),(222,23,7,'VOICE','lastDayCompleteHomeWork&&qwUserId_RLike','false&&wujianpeng,zhengweipeng,jishending,lishidong,mupenglin',NULL,'https://kkhc.tos-cn-beijing.volces.com/eps-juzibot/permanent/material/%36%39%65%33%37%39%39%36%33%38%37%36%30%32%65%64%37%64%63%36%37%34%36%31.silk','https://drh.likeduoduiyi.cn/homework/voice/5f571ea6b8ac434b8f4dce5bbf640c0c.mp3',22000,NULL,NULL,22000,0,'api','online_sql_20260423_merge_wujian_group_voice','2026-04-18 20:29:25.943','2026-04-23 18:21:51.000'),(223,23,8,'VOICE','lastDayCompleteHomeWork&&qwUserId_RLike','false&&wujianpeng,zhengweipeng,jishending,lishidong,mupenglin',NULL,'https://kkhc.tos-cn-beijing.volces.com/eps-juzibot/permanent/material/%36%39%65%33%37%39%39%37%66%31%66%32%37%31%33%34%32%37%63%61%36%65%65%34.silk','https://drh.likeduoduiyi.cn/homework/voice/4777c89f98a14c26a6e40a7915194977.mp3',12000,NULL,NULL,12000,0,'api','online_sql_20260423_merge_wujian_group_voice','2026-04-18 20:29:27.022','2026-04-23 18:21:51.000'),(224,23,9,'VOICE','lastDayCompleteHomeWork&&qwUserId_RLike','false&&wujianpeng,zhengweipeng,jishending,lishidong,mupenglin',NULL,'https://kkhc.tos-cn-beijing.volces.com/eps-juzibot/permanent/material/%36%39%65%33%37%39%39%38%33%38%37%36%30%32%65%64%37%64%63%36%37%37%35%61.silk','https://drh.likeduoduiyi.cn/homework/voice/43d8b3624dbd4a6ba5f4394d7d215810.mp3',24000,NULL,NULL,24000,0,'api','online_sql_20260423_merge_wujian_group_voice','2026-04-18 20:29:28.402','2026-04-23 18:21:51.000'),(225,23,10,'VOICE','lastDayCompleteHomeWork&&qwUserId_RLike','false&&wujianpeng,zhengweipeng,jishending,lishidong,mupenglin',NULL,'https://kkhc.tos-cn-beijing.volces.com/eps-juzibot/permanent/material/%36%39%65%33%37%39%39%61%66%31%66%32%37%31%33%34%32%37%63%61%37%30%62%64.silk','https://drh.likeduoduiyi.cn/homework/voice/df77bd87f5364fe8b3bc83019bf4dfef.mp3',49000,NULL,NULL,49000,0,'api','online_sql_20260423_merge_wujian_group_voice','2026-04-18 20:29:30.448','2026-04-23 18:21:51.000'),(226,23,12,'TEXT','lastDayCompleteHomeWork','true','咱们声乐练习要少时多次，碎片化时间学习就可以，不需要大量时间🎈您可以继续跟着回放和带练视频去多练习。今日份奖励发给您，课下一定要记得练气哈，加油！[玫瑰]',NULL,NULL,NULL,NULL,NULL,2000,1,'api','api','2026-04-18 20:31:31.431','2026-04-18 20:31:31.431'),(227,23,12,'TEXT','lastDayCompleteHomeWork','false','您可以继续跟着回放和带练视频去多练习。今日份奖励发给您，课下一定要记得练气哈，加油！[玫瑰]',NULL,NULL,NULL,NULL,NULL,2000,1,'api','api','2026-04-18 20:31:31.631','2026-04-18 20:31:31.631'),(228,29,1,'VOICE','title&&qwUserId_RLike','幸福快车&&wujianpeng,zhengweipeng,jishending,lishidong,mupenglin',NULL,'https://kkhc.tos-cn-beijing.volces.com/eps-juzibot/permanent/material/%36%39%65%33%37%64%39%66%33%38%37%36%30%32%65%64%37%64%63%38%34%63%35%31.silk','https://drh.likeduoduiyi.cn/homework/voice/2fa5eb3a10b342fc86fcf4859d0b9c79.mp3',43000,NULL,NULL,43000,0,'api','online_sql_20260423_merge_wujian_group_voice','2026-04-18 20:48:32.661','2026-04-23 18:21:51.000'),(229,29,2,'VOICE','title&&qwUserId_RLike','幸福快车&&wujianpeng,zhengweipeng,jishending,lishidong,mupenglin',NULL,'https://kkhc.tos-cn-beijing.volces.com/eps-juzibot/permanent/material/%36%39%65%33%37%64%61%31%33%38%37%36%30%32%65%64%37%64%63%38%34%64%36%66.silk','https://drh.likeduoduiyi.cn/homework/voice/991ed3b873d54ff4b4d9a8699755918a.MP3',14000,NULL,NULL,14000,0,'api','online_sql_20260423_merge_wujian_group_voice','2026-04-18 20:48:33.922','2026-04-23 18:21:51.000'),(230,29,3,'VOICE','title&&qwUserId_RLike','幸福快车&&wujianpeng,zhengweipeng,jishending,lishidong,mupenglin',NULL,'https://kkhc.tos-cn-beijing.volces.com/eps-juzibot/permanent/material/%36%39%65%33%37%64%61%32%33%38%37%36%30%32%65%64%37%64%63%38%34%64%64%61.silk','https://drh.likeduoduiyi.cn/homework/voice/ed5b881078cb47a680723bc5b159a90d.mp3',18000,NULL,NULL,18000,0,'api','online_sql_20260423_merge_wujian_group_voice','2026-04-18 20:48:35.167','2026-04-23 18:21:51.000'),(231,30,1,'VOICE','isEnrolled&&qwUserId_RLike','true&&wujianpeng,zhengweipeng,jishending,lishidong,mupenglin',NULL,'https://kkhc.tos-cn-beijing.volces.com/eps-juzibot/permanent/material/%36%39%65%33%37%64%61%33%31%64%37%39%64%33%33%64%32%63%35%65%66%35%38%39.silk','https://drh.likeduoduiyi.cn/homework/voice/f98def80cca544b59035f9541d3ad9bc.mp3',21000,NULL,NULL,21000,0,'api','online_sql_20260423_merge_wujian_group_voice','2026-04-18 20:48:36.524','2026-04-23 18:21:51.000'),(232,30,2,'VOICE','isEnrolled&&qwUserId_RLike','true&&wujianpeng,zhengweipeng,jishending,lishidong,mupenglin',NULL,'https://kkhc.tos-cn-beijing.volces.com/eps-juzibot/permanent/material/%36%39%65%33%37%64%61%35%33%38%37%36%30%32%65%64%37%64%63%38%34%66%30%64.silk','https://drh.likeduoduiyi.cn/homework/voice/8b7ca7c2ea4c4516b05b359b0773c6c4.MP3',22000,NULL,NULL,22000,0,'api','online_sql_20260423_merge_wujian_group_voice','2026-04-18 20:48:37.858','2026-04-23 18:21:51.000'),(233,30,3,'VOICE','isEnrolled&&qwUserId_RLike','true&&wujianpeng,zhengweipeng,jishending,lishidong,mupenglin',NULL,'https://kkhc.tos-cn-beijing.volces.com/eps-juzibot/permanent/material/%36%39%65%33%37%64%61%36%33%38%37%36%30%32%65%64%37%64%63%38%34%66%66%32.silk','https://drh.likeduoduiyi.cn/homework/voice/375d34a1a8b54764a0d2eba9a77ab93e.mp3',18000,NULL,NULL,18000,0,'api','online_sql_20260423_merge_wujian_group_voice','2026-04-18 20:48:39.279','2026-04-23 18:21:51.000'),(234,30,1,'VOICE','isEnrolled&&qwUserId_RLike','false&&wujianpeng,zhengweipeng,jishending,lishidong,mupenglin',NULL,'https://kkhc.tos-cn-beijing.volces.com/eps-juzibot/permanent/material/%36%39%65%33%37%64%61%37%31%64%37%39%64%33%33%64%32%63%35%65%66%36%35%61.silk','https://drh.likeduoduiyi.cn/homework/voice/32a01ceb5e2b4aadb6e1625eb141873c.mp3',21000,NULL,NULL,21000,0,'api','online_sql_20260423_merge_wujian_group_voice','2026-04-18 20:48:40.628','2026-04-23 18:21:51.000'),(235,30,2,'VOICE','isEnrolled&&qwUserId_RLike','false&&wujianpeng,zhengweipeng,jishending,lishidong,mupenglin',NULL,'https://kkhc.tos-cn-beijing.volces.com/eps-juzibot/permanent/material/%36%39%65%33%37%64%61%39%33%38%37%36%30%32%65%64%37%64%63%38%35%30%66%62.silk','https://drh.likeduoduiyi.cn/homework/voice/7803acf54e3d4eceb6d82f8f5c16d5f1.MP3',22000,NULL,NULL,22000,0,'api','online_sql_20260423_merge_wujian_group_voice','2026-04-18 20:48:42.043','2026-04-23 18:21:51.000'),(236,30,3,'VOICE','isEnrolled&&qwUserId_RLike','false&&wujianpeng,zhengweipeng,jishending,lishidong,mupenglin',NULL,'https://kkhc.tos-cn-beijing.volces.com/eps-juzibot/permanent/material/%36%39%65%33%37%64%61%61%33%38%37%36%30%32%65%64%37%64%63%38%35%31%61%35.silk','https://drh.likeduoduiyi.cn/homework/voice/6389f6f168874edfa09b7bf288fe9a20.mp3',30000,NULL,NULL,30000,0,'api','online_sql_20260423_merge_wujian_group_voice','2026-04-18 20:48:43.555','2026-04-23 18:21:51.000'),(237,20,3,'VOICE','qwUserId_RLike','suiyiru,zhaoyuqing,liuyue,zhangtiange,zhengshili,peixiaojiao,wenxujuan,lihuichao,yanglifang,wangying,mufuqiang,shudie,xujie,zhouxu,xiewenhao,zhouyiting,youyihan,maiwei,lihongfu,xianghao,safangyi,zhangfuyi,chenke,taomeiyi,liuyongqi,zhangyangming,wujianpeng,zhengweipeng,jishending,lishidong,mupenglin,wujianxin,majun,xiejiaao,shiyanqing,zhutiantian,liupengxuan,huhuiqi',NULL,'https://kkhc.tos-cn-beijing.volces.com/eps-juzibot/permanent/material/%36%39%65%39%65%30%32%39%31%64%37%39%64%33%33%64%32%63%31%39%61%63%64%34.silk','https://drh.likeduoduiyi.cn/homework/voice/5b16281b4a604697ade8d9a2b06d81fe.m4a',33000,NULL,NULL,33000,1,'api','online_sql_20260427_append_shiyanqing_group_voice','2026-04-18 21:01:59.424','2026-04-27 17:18:21.000'),(238,20,3,'VOICE','qwUserId_RLike','suiyiru,zhaoyuqing,liuyue,zhangtiange,zhengshili,peixiaojiao,wenxujuan,lihuichao,yanglifang,wangying,mufuqiang,shudie,xujie,zhouxu,xiewenhao,zhouyiting,youyihan,maiwei,lihongfu,xianghao,safangyi,zhangfuyi,chenke,taomeiyi,liuyongqi,zhangyangming',NULL,'https://kkhc.tos-cn-beijing.volces.com/eps-juzibot/permanent/material/%36%39%65%33%38%30%63%37%33%38%37%36%30%32%65%64%37%64%63%39%65%38%63%35.silk','https://drh.likeduoduiyi.cn/homework/voice/b13b398823e44dd89e4ca937a2bc043b.m4a',46000,NULL,NULL,46000,0,'api','api','2026-04-18 21:02:00.689','2026-04-23 17:02:36.230'),(239,20,4,'VOICE','qwUserId_RLike','suiyiru,zhaoyuqing,liuyue,zhangtiange,zhengshili,peixiaojiao,wenxujuan,lihuichao,yanglifang,wangying,mufuqiang,shudie,xujie,zhouxu,xiewenhao,zhouyiting,youyihan,maiwei,lihongfu,xianghao,safangyi,zhangfuyi,chenke,taomeiyi,liuyongqi,zhangyangming,wujianpeng,zhengweipeng,jishending,lishidong,mupenglin,wujianxin,majun,xiejiaao,shiyanqing,zhutiantian,liupengxuan,huhuiqi',NULL,'https://kkhc.tos-cn-beijing.volces.com/eps-juzibot/permanent/material/%36%39%65%39%65%30%32%62%37%34%31%33%64%64%63%31%66%61%65%39%38%33%62%64.silk','https://drh.likeduoduiyi.cn/homework/voice/a855accf9e8140779e3262165d5f24ee.m4a',15000,NULL,NULL,15000,1,'api','online_sql_20260427_append_shiyanqing_group_voice','2026-04-18 21:02:01.946','2026-04-27 17:18:21.000'),(240,20,5,'VOICE','qwUserId_RLike','suiyiru,zhaoyuqing,liuyue,zhangtiange,zhengshili,peixiaojiao,wenxujuan,lihuichao,yanglifang,wangying,mufuqiang,shudie,xujie,zhouxu,xiewenhao,zhouyiting,youyihan,maiwei,lihongfu,xianghao,safangyi,zhangfuyi,chenke,taomeiyi,liuyongqi,zhangyangming,hetao,xuyimeng,wubing,liuyuan,huhaiyan,lixin,zhaosong,liushuangyi,liying,13408641658,tanyuping',NULL,'https://kkhc.tos-cn-beijing.volces.com/eps-juzibot/permanent/material/%36%39%65%33%38%30%63%61%31%64%37%39%64%33%33%64%32%63%35%66%65%35%62%30.silk','https://drh.likeduoduiyi.cn/homework/voice/b8f238bbb83c4049bde3d40e256eaa8f.MP3',37000,NULL,NULL,37000,0,'api','admin','2026-04-18 21:02:04.155','2026-04-22 19:01:32.512'),(241,23,3,'VOICE','lastDayCompleteHomeWork&&qwUserId_RLike','true&&suiyiru,zhaoyuqing,liuyue,zhangtiange,zhengshili,peixiaojiao,wenxujuan,lihuichao,yanglifang,wangying,mufuqiang,shudie,xujie,zhouxu,xiewenhao,zhouyiting,youyihan,maiwei,lihongfu,xianghao,safangyi,zhangfuyi,chenke,taomeiyi,liuyongqi,zhangyangming,hetao,xuyimeng,wubing,liuyuan,huhaiyan,lixin,zhaosong,liushuangyi,liying,13408641658,tanyuping',NULL,'https://kkhc.tos-cn-beijing.volces.com/eps-juzibot/permanent/material/%36%39%65%33%38%30%63%63%33%38%37%36%30%32%65%64%37%64%63%39%65%64%39%62.silk','https://drh.likeduoduiyi.cn/homework/voice/6ad0d586b6614d7f9810003372e91dc6.m4a',27000,NULL,NULL,27000,0,'api','api','2026-04-18 21:02:05.240','2026-04-22 21:40:37.810'),(242,23,4,'VOICE','lastDayCompleteHomeWork&&qwUserId_RLike','true&&suiyiru,zhaoyuqing,liuyue,zhangtiange,zhengshili,peixiaojiao,wenxujuan,lihuichao,yanglifang,wangying,mufuqiang,shudie,xujie,zhouxu,xiewenhao,zhouyiting,youyihan,maiwei,lihongfu,xianghao,safangyi,zhangfuyi,chenke,taomeiyi,liuyongqi,zhangyangming,hetao,xuyimeng,wubing,liuyuan,huhaiyan,lixin,zhaosong,liushuangyi,liying,13408641658,tanyuping',NULL,'https://kkhc.tos-cn-beijing.volces.com/eps-juzibot/permanent/material/%36%39%65%33%38%30%63%64%31%64%37%39%64%33%33%64%32%63%35%66%65%37%61%31.silk','https://drh.likeduoduiyi.cn/homework/voice/7197d429613d4aa5a3b5869425196ce9.m4a',46000,NULL,NULL,46000,0,'api','api','2026-04-18 21:02:06.709','2026-04-22 21:40:37.913'),(243,23,5,'VOICE','lastDayCompleteHomeWork&&qwUserId_RLike','true&&suiyiru,zhaoyuqing,liuyue,zhangtiange,zhengshili,peixiaojiao,wenxujuan,lihuichao,yanglifang,wangying,mufuqiang,shudie,xujie,zhouxu,xiewenhao,zhouyiting,youyihan,maiwei,lihongfu,xianghao,safangyi,zhangfuyi,chenke,taomeiyi,liuyongqi,zhangyangming,hetao,xuyimeng,wubing,liuyuan,huhaiyan,lixin,zhaosong,liushuangyi,liying,13408641658,tanyuping',NULL,'https://kkhc.tos-cn-beijing.volces.com/eps-juzibot/permanent/material/%36%39%65%33%38%30%63%66%33%38%37%36%30%32%65%64%37%64%63%39%65%66%64%32.silk','https://drh.likeduoduiyi.cn/homework/voice/bcc5df952ee6485496e09b76bfe474aa.m4a',53000,NULL,NULL,53000,0,'api','api','2026-04-18 21:02:08.024','2026-04-22 21:40:37.996'),(244,23,6,'VOICE','lastDayCompleteHomeWork&&qwUserId_RLike','true&&suiyiru,zhaoyuqing,liuyue,zhangtiange,zhengshili,peixiaojiao,wenxujuan,lihuichao,yanglifang,wangying,mufuqiang,shudie,xujie,zhouxu,xiewenhao,zhouyiting,youyihan,maiwei,lihongfu,xianghao,safangyi,zhangfuyi,chenke,taomeiyi,liuyongqi,zhangyangming,hetao,xuyimeng,wubing,liuyuan,huhaiyan,lixin,zhaosong,liushuangyi,liying,13408641658,tanyuping',NULL,'https://kkhc.tos-cn-beijing.volces.com/eps-juzibot/permanent/material/%36%39%65%33%38%30%64%30%33%38%37%36%30%32%65%64%37%64%63%39%66%31%37%39.silk','https://drh.likeduoduiyi.cn/homework/voice/f757dd50a942429db8b3f03327d43a35.MP3',23000,NULL,NULL,23000,0,'api','api','2026-04-18 21:02:09.531','2026-04-22 21:40:38.103'),(245,23,6,'VOICE','lastDayCompleteHomeWork&&qwUserId_RLike','false&&suiyiru,zhaoyuqing,liuyue,zhangtiange,zhengshili,peixiaojiao,wenxujuan,lihuichao,yanglifang,wangying,mufuqiang,shudie,xujie,zhouxu,xiewenhao,zhouyiting,youyihan,maiwei,lihongfu,xianghao,safangyi,zhangfuyi,chenke,taomeiyi,liuyongqi,zhangyangming,hetao,xuyimeng,wubing,liuyuan,huhaiyan,lixin,zhaosong,liushuangyi,liying,13408641658,tanyuping',NULL,'https://kkhc.tos-cn-beijing.volces.com/eps-juzibot/permanent/material/%36%39%65%33%38%30%64%32%33%38%37%36%30%32%65%64%37%64%63%39%66%32%66%30.silk','https://drh.likeduoduiyi.cn/homework/voice/ad804b1ad4d248388a596389a5652515.m4a',47000,NULL,NULL,47000,0,'api','api','2026-04-18 21:02:10.872','2026-04-22 21:40:38.193'),(246,23,7,'VOICE','lastDayCompleteHomeWork&&qwUserId_RLike','false&&suiyiru,zhaoyuqing,liuyue,zhangtiange,zhengshili,peixiaojiao,wenxujuan,lihuichao,yanglifang,wangying,mufuqiang,shudie,xujie,zhouxu,xiewenhao,zhouyiting,youyihan,maiwei,lihongfu,xianghao,safangyi,zhangfuyi,chenke,taomeiyi,liuyongqi,zhangyangming,hetao,xuyimeng,wubing,liuyuan,huhaiyan,lixin,zhaosong,liushuangyi,liying,13408641658,tanyuping',NULL,'https://kkhc.tos-cn-beijing.volces.com/eps-juzibot/permanent/material/%36%39%65%33%38%30%64%33%33%38%37%36%30%32%65%64%37%64%63%39%66%34%39%66.silk','https://drh.likeduoduiyi.cn/homework/voice/e1f75dec602f4ae6af31554fcf4cd7cc.m4a',50000,NULL,NULL,50000,0,'api','api','2026-04-18 21:02:12.166','2026-04-22 21:40:38.278'),(247,23,8,'VOICE','lastDayCompleteHomeWork&&qwUserId_RLike','false&&suiyiru,zhaoyuqing,liuyue,zhangtiange,zhengshili,peixiaojiao,wenxujuan,lihuichao,yanglifang,wangying,mufuqiang,shudie,xujie,zhouxu,xiewenhao,zhouyiting,youyihan,maiwei,lihongfu,xianghao,safangyi,zhangfuyi,chenke,taomeiyi,liuyongqi,zhangyangming,hetao,xuyimeng,wubing,liuyuan,huhaiyan,lixin,zhaosong,liushuangyi,liying,13408641658,tanyuping',NULL,'https://kkhc.tos-cn-beijing.volces.com/eps-juzibot/permanent/material/%36%39%65%33%38%30%64%34%33%38%37%36%30%32%65%64%37%64%63%39%66%36%32%38.silk','https://drh.likeduoduiyi.cn/homework/voice/24d7a68ab8eb4062aecd22b32fd3d698.m4a',39000,NULL,NULL,39000,0,'api','api','2026-04-18 21:02:13.465','2026-04-22 21:40:38.386'),(248,23,9,'VOICE','lastDayCompleteHomeWork&&qwUserId_RLike','false&&suiyiru,zhaoyuqing,liuyue,zhangtiange,zhengshili,peixiaojiao,wenxujuan,lihuichao,yanglifang,wangying,mufuqiang,shudie,xujie,zhouxu,xiewenhao,zhouyiting,youyihan,maiwei,lihongfu,xianghao,safangyi,zhangfuyi,chenke,taomeiyi,liuyongqi,zhangyangming,hetao,xuyimeng,wubing,liuyuan,huhaiyan,lixin,zhaosong,liushuangyi,liying,13408641658,tanyuping',NULL,'https://kkhc.tos-cn-beijing.volces.com/eps-juzibot/permanent/material/%36%39%65%33%38%30%64%35%33%38%37%36%30%32%65%64%37%64%63%39%66%37%39%66.silk','https://drh.likeduoduiyi.cn/homework/voice/39c14e0a0a5e4aa59ed560eb4a415c5b.m4a',55000,NULL,NULL,55000,0,'api','api','2026-04-18 21:02:14.881','2026-04-22 21:40:38.493'),(249,23,10,'VOICE','lastDayCompleteHomeWork&&qwUserId_RLike','false&&suiyiru,zhaoyuqing,liuyue,zhangtiange,zhengshili,peixiaojiao,wenxujuan,lihuichao,yanglifang,wangying,mufuqiang,shudie,xujie,zhouxu,xiewenhao,zhouyiting,youyihan,maiwei,lihongfu,xianghao,safangyi,zhangfuyi,chenke,taomeiyi,liuyongqi,zhangyangming,hetao,xuyimeng,wubing,liuyuan,huhaiyan,lixin,zhaosong,liushuangyi,liying,13408641658,tanyuping',NULL,'https://kkhc.tos-cn-beijing.volces.com/eps-juzibot/permanent/material/%36%39%65%33%38%30%64%37%31%64%37%39%64%33%33%64%32%63%35%66%65%65%31%30.silk','https://drh.likeduoduiyi.cn/homework/voice/65f1301f404f410b94b033d87c4adf16.MP3',23000,NULL,NULL,23000,0,'api','api','2026-04-18 21:02:16.582','2026-04-22 21:40:38.605'),(250,26,2,'VOICE','lastDayCompleteHomeWork&&qwUserId_RLike','true&&suiyiru,zhaoyuqing,liuyue,zhangtiange,zhengshili,peixiaojiao,wenxujuan,lihuichao,yanglifang,wangying,mufuqiang,shudie,xujie,zhouxu,xiewenhao,zhouyiting,youyihan,maiwei,lihongfu,xianghao,safangyi,zhangfuyi,chenke,taomeiyi,liuyongqi,zhangyangming,wujianpeng,zhengweipeng,jishending,lishidong,mupenglin,wujianxin,majun,xiejiaao,shiyanqing,zhutiantian,liupengxuan,huhuiqi',NULL,'https://kkhc.tos-cn-beijing.volces.com/eps-juzibot/permanent/material/%36%39%65%33%38%30%64%39%33%38%37%36%30%32%65%64%37%64%63%39%66%62%61%36.silk','https://drh.likeduoduiyi.cn/homework/voice/17b9d1dc1753418c902566fd5eea52eb.m4a',51000,NULL,NULL,51000,1,'api','online_sql_20260427_append_shiyanqing_group_voice','2026-04-18 21:02:17.920','2026-04-27 17:18:21.000'),(251,26,3,'VOICE','lastDayCompleteHomeWork&&qwUserId_RLike','true&&suiyiru,zhaoyuqing,liuyue,zhangtiange,zhengshili,peixiaojiao,wenxujuan,lihuichao,yanglifang,wangying,mufuqiang,shudie,xujie,zhouxu,xiewenhao,zhouyiting,youyihan,maiwei,lihongfu,xianghao,safangyi,zhangfuyi,chenke,taomeiyi,liuyongqi,zhangyangming,wujianpeng,zhengweipeng,jishending,lishidong,mupenglin,wujianxin,majun,xiejiaao,shiyanqing,zhutiantian,liupengxuan,huhuiqi',NULL,'https://kkhc.tos-cn-beijing.volces.com/eps-juzibot/permanent/material/%36%39%65%33%38%30%64%61%31%64%37%39%64%33%33%64%32%63%35%66%66%30%37%62.silk','https://drh.likeduoduiyi.cn/homework/voice/afd46d793e4a46898309e3e90712c7b7.m4a',71000,NULL,NULL,71000,1,'api','online_sql_20260427_append_shiyanqing_group_voice','2026-04-18 21:02:19.430','2026-04-27 17:18:21.000'),(252,26,4,'VOICE','lastDayCompleteHomeWork&&qwUserId_RLike','true&&suiyiru,zhaoyuqing,liuyue,zhangtiange,zhengshili,peixiaojiao,wenxujuan,lihuichao,yanglifang,wangying,mufuqiang,shudie,xujie,zhouxu,xiewenhao,zhouyiting,youyihan,maiwei,lihongfu,xianghao,safangyi,zhangfuyi,chenke,taomeiyi,liuyongqi,zhangyangming,wujianpeng,zhengweipeng,jishending,lishidong,mupenglin,wujianxin,majun,xiejiaao,shiyanqing,zhutiantian,liupengxuan,huhuiqi',NULL,'https://kkhc.tos-cn-beijing.volces.com/eps-juzibot/permanent/material/%36%39%65%33%38%30%64%62%31%64%37%39%64%33%33%64%32%63%35%66%66%31%38%65.silk','https://drh.likeduoduiyi.cn/homework/voice/2e3cdb94e6e64c0ebcbeccff8e434880.m4a',53000,NULL,NULL,53000,1,'api','online_sql_20260427_append_shiyanqing_group_voice','2026-04-18 21:02:20.794','2026-04-27 17:18:21.000'),(253,26,6,'VOICE','lastDayCompleteHomeWork&&qwUserId_RLike','false&&suiyiru,zhaoyuqing,liuyue,zhangtiange,zhengshili,peixiaojiao,wenxujuan,lihuichao,yanglifang,wangying,mufuqiang,shudie,xujie,zhouxu,xiewenhao,zhouyiting,youyihan,maiwei,lihongfu,xianghao,safangyi,zhangfuyi,chenke,taomeiyi,liuyongqi,zhangyangming,wujianpeng,zhengweipeng,jishending,lishidong,mupenglin,wujianxin,majun,xiejiaao,shiyanqing,zhutiantian,liupengxuan,huhuiqi',NULL,'https://kkhc.tos-cn-beijing.volces.com/eps-juzibot/permanent/material/%36%39%65%33%38%30%64%64%33%38%37%36%30%32%65%64%37%64%63%61%30%30%32%39.silk','https://drh.likeduoduiyi.cn/homework/voice/54434ac901854c37b267a3bc5ed1aa0a.m4a',43000,NULL,NULL,43000,1,'api','online_sql_20260427_append_shiyanqing_group_voice','2026-04-18 21:02:22.014','2026-04-27 17:18:21.000'),(254,26,7,'VOICE','lastDayCompleteHomeWork&&qwUserId_RLike','false&&suiyiru,zhaoyuqing,liuyue,zhangtiange,zhengshili,peixiaojiao,wenxujuan,lihuichao,yanglifang,wangying,mufuqiang,shudie,xujie,zhouxu,xiewenhao,zhouyiting,youyihan,maiwei,lihongfu,xianghao,safangyi,zhangfuyi,chenke,taomeiyi,liuyongqi,zhangyangming,wujianpeng,zhengweipeng,jishending,lishidong,mupenglin,wujianxin,majun,xiejiaao,shiyanqing,zhutiantian,liupengxuan,huhuiqi',NULL,'https://kkhc.tos-cn-beijing.volces.com/eps-juzibot/permanent/material/%36%39%65%33%38%30%64%65%33%38%37%36%30%32%65%64%37%64%63%61%30%31%61%30.silk','https://drh.likeduoduiyi.cn/homework/voice/8e99c31c3d2641c98ec301a8dc2b6b42.m4a',49000,NULL,NULL,49000,1,'api','online_sql_20260427_append_shiyanqing_group_voice','2026-04-18 21:02:23.290','2026-04-27 17:18:21.000'),(255,26,8,'VOICE','lastDayCompleteHomeWork&&qwUserId_RLike','false&&suiyiru,zhaoyuqing,liuyue,zhangtiange,zhengshili,peixiaojiao,wenxujuan,lihuichao,yanglifang,wangying,mufuqiang,shudie,xujie,zhouxu,xiewenhao,zhouyiting,youyihan,maiwei,lihongfu,xianghao,safangyi,zhangfuyi,chenke,taomeiyi,liuyongqi,zhangyangming,wujianpeng,zhengweipeng,jishending,lishidong,mupenglin,wujianxin,majun,xiejiaao,shiyanqing,zhutiantian,liupengxuan,huhuiqi',NULL,'https://kkhc.tos-cn-beijing.volces.com/eps-juzibot/permanent/material/%36%39%65%33%38%30%64%66%31%64%37%39%64%33%33%64%32%63%35%66%66%33%66%33.silk','https://drh.likeduoduiyi.cn/homework/voice/a940c9ec1934412b9dec7e7e13684090.m4a',46000,NULL,NULL,46000,1,'api','online_sql_20260427_append_shiyanqing_group_voice','2026-04-18 21:02:24.622','2026-04-27 17:18:21.000'),(256,29,1,'VOICE','title&&qwUserId_RLike','幸福快车&&suiyiru,zhaoyuqing,liuyue,zhangtiange,zhengshili,peixiaojiao,wenxujuan,lihuichao,yanglifang,wangying,mufuqiang,shudie,xujie,zhouxu,xiewenhao,zhouyiting,youyihan,maiwei,lihongfu,xianghao,safangyi,zhangfuyi,chenke,taomeiyi,liuyongqi,zhangyangming,wujianpeng,zhengweipeng,jishending,lishidong,mupenglin,wujianxin,majun,xiejiaao,shiyanqing,zhutiantian,liupengxuan,huhuiqi',NULL,'https://kkhc.tos-cn-beijing.volces.com/eps-juzibot/permanent/material/%36%39%65%39%65%30%32%64%31%64%37%39%64%33%33%64%32%63%31%39%62%32%38%62.silk','https://drh.likeduoduiyi.cn/homework/voice/eb4de34a099244af81a6c88deb459d9c.m4a',31000,NULL,NULL,31000,1,'api','online_sql_20260427_append_shiyanqing_group_voice','2026-04-18 21:02:26.133','2026-04-27 17:18:21.000'),(257,29,2,'VOICE','title&&qwUserId_RLike','幸福快车&&suiyiru,zhaoyuqing,liuyue,zhangtiange,zhengshili,peixiaojiao,wenxujuan,lihuichao,yanglifang,wangying,mufuqiang,shudie,xujie,zhouxu,xiewenhao,zhouyiting,youyihan,maiwei,lihongfu,xianghao,safangyi,zhangfuyi,chenke,taomeiyi,liuyongqi,zhangyangming,wujianpeng,zhengweipeng,jishending,lishidong,mupenglin,wujianxin,majun,xiejiaao,shiyanqing,zhutiantian,liupengxuan,huhuiqi',NULL,'https://kkhc.tos-cn-beijing.volces.com/eps-juzibot/permanent/material/%36%39%65%39%65%30%32%65%31%64%37%39%64%33%33%64%32%63%31%39%62%36%33%34.silk','https://drh.likeduoduiyi.cn/homework/voice/f815d1e7705c48258a6190e1a35ec982.m4a',22000,NULL,NULL,22000,1,'api','online_sql_20260427_append_shiyanqing_group_voice','2026-04-18 21:02:27.450','2026-04-27 17:18:21.000'),(258,29,3,'VOICE','title&&qwUserId_RLike','幸福快车&&suiyiru,zhaoyuqing,liuyue,zhangtiange,zhengshili,peixiaojiao,wenxujuan,lihuichao,yanglifang,wangying,mufuqiang,shudie,xujie,zhouxu,xiewenhao,zhouyiting,youyihan,maiwei,lihongfu,xianghao,safangyi,zhangfuyi,chenke,taomeiyi,liuyongqi,zhangyangming',NULL,'https://kkhc.tos-cn-beijing.volces.com/eps-juzibot/permanent/material/%36%39%65%33%38%30%65%33%33%38%37%36%30%32%65%64%37%64%63%61%30%36%66%39.silk','https://drh.likeduoduiyi.cn/homework/voice/c7aa1a6dc445421491854549ea53b332.m4a',50000,NULL,NULL,50000,0,'api','api','2026-04-18 21:02:28.714','2026-04-23 17:02:39.653'),(259,29,4,'VOICE','title&&qwUserId_RLike','幸福快车&&suiyiru,zhaoyuqing,liuyue,zhangtiange,zhengshili,peixiaojiao,wenxujuan,lihuichao,yanglifang,wangying,mufuqiang,shudie,xujie,zhouxu,xiewenhao,zhouyiting,youyihan,maiwei,lihongfu,xianghao,safangyi,zhangfuyi,chenke,taomeiyi,liuyongqi,zhangyangming,hetao,xuyimeng,wubing,liuyuan,huhaiyan,lixin,zhaosong,liushuangyi,liying,13408641658,tanyuping',NULL,'https://kkhc.tos-cn-beijing.volces.com/eps-juzibot/permanent/material/%36%39%65%33%38%30%65%35%33%38%37%36%30%32%65%64%37%64%63%61%30%38%31%38.silk','https://drh.likeduoduiyi.cn/homework/voice/ebfca81b8da4441cbb32ae48b09e4e79.MP3',29000,NULL,NULL,29000,0,'api','admin','2026-04-18 21:02:30.262','2026-04-22 18:58:18.425'),(260,30,1,'VOICE','isEnrolled&&qwUserId_RLike','true&&suiyiru,zhaoyuqing,liuyue,zhangtiange,zhengshili,peixiaojiao,wenxujuan,lihuichao,yanglifang,wangying,mufuqiang,shudie,xujie,zhouxu,xiewenhao,zhouyiting,youyihan,maiwei,lihongfu,xianghao,safangyi,zhangfuyi,chenke,taomeiyi,liuyongqi,zhangyangming,wujianpeng,zhengweipeng,jishending,lishidong,mupenglin,wujianxin,majun,xiejiaao,shiyanqing,zhutiantian,liupengxuan,huhuiqi',NULL,'https://kkhc.tos-cn-beijing.volces.com/eps-juzibot/permanent/material/%36%39%65%33%38%30%65%36%33%38%37%36%30%32%65%64%37%64%63%61%30%38%65%64.silk','https://drh.likeduoduiyi.cn/homework/voice/a00425fa110845788463fec329eef83f.m4a',75000,NULL,NULL,75000,1,'api','online_sql_20260427_append_shiyanqing_group_voice','2026-04-18 21:02:31.843','2026-04-27 17:18:21.000'),(261,30,2,'VOICE','isEnrolled&&qwUserId_RLike','true&&suiyiru,zhaoyuqing,liuyue,zhangtiange,zhengshili,peixiaojiao,wenxujuan,lihuichao,yanglifang,wangying,mufuqiang,shudie,xujie,zhouxu,xiewenhao,zhouyiting,youyihan,maiwei,lihongfu,xianghao,safangyi,zhangfuyi,chenke,taomeiyi,liuyongqi,zhangyangming,wujianpeng,zhengweipeng,jishending,lishidong,mupenglin,wujianxin,majun,xiejiaao,shiyanqing,zhutiantian,liupengxuan,huhuiqi',NULL,'https://kkhc.tos-cn-beijing.volces.com/eps-juzibot/permanent/material/%36%39%65%33%38%30%65%38%31%64%37%39%64%33%33%64%32%63%35%66%66%61%66%30.silk','https://drh.likeduoduiyi.cn/homework/voice/0fdc5ea82d7e4e1cb9c35254c95ba122.m4a',99000,NULL,NULL,99000,1,'api','online_sql_20260427_append_shiyanqing_group_voice','2026-04-18 21:02:33.704','2026-04-27 17:18:21.000'),(262,30,1,'VOICE','isEnrolled&&qwUserId_RLike','false&&suiyiru,zhaoyuqing,liuyue,zhangtiange,zhengshili,peixiaojiao,wenxujuan,lihuichao,yanglifang,wangying,mufuqiang,shudie,xujie,zhouxu,xiewenhao,zhouyiting,youyihan,maiwei,lihongfu,xianghao,safangyi,zhangfuyi,chenke,taomeiyi,liuyongqi,zhangyangming,wujianpeng,zhengweipeng,jishending,lishidong,mupenglin,wujianxin,majun,xiejiaao,shiyanqing,zhutiantian,liupengxuan,huhuiqi',NULL,'https://kkhc.tos-cn-beijing.volces.com/eps-juzibot/permanent/material/%36%39%65%33%38%30%65%61%33%38%37%36%30%32%65%64%37%64%63%61%30%62%34%63.silk','https://drh.likeduoduiyi.cn/homework/voice/fd11f1592e314e0cb8f4d8dec0ed8f34.m4a',73000,NULL,NULL,73000,1,'api','online_sql_20260427_append_shiyanqing_group_voice','2026-04-18 21:02:35.431','2026-04-27 17:18:21.000'),(263,30,2,'VOICE','isEnrolled&&qwUserId_RLike','false&&suiyiru,zhaoyuqing,liuyue,zhangtiange,zhengshili,peixiaojiao,wenxujuan,lihuichao,yanglifang,wangying,mufuqiang,shudie,xujie,zhouxu,xiewenhao,zhouyiting,youyihan,maiwei,lihongfu,xianghao,safangyi,zhangfuyi,chenke,taomeiyi,liuyongqi,zhangyangming,wujianpeng,zhengweipeng,jishending,lishidong,mupenglin,wujianxin,majun,xiejiaao,shiyanqing,zhutiantian,liupengxuan,huhuiqi',NULL,'https://kkhc.tos-cn-beijing.volces.com/eps-juzibot/permanent/material/%36%39%65%33%38%30%65%62%33%38%37%36%30%32%65%64%37%64%63%61%30%63%35%64.silk','https://drh.likeduoduiyi.cn/homework/voice/58a26ae35114469da94db2581c971781.m4a',71000,NULL,NULL,71000,1,'api','online_sql_20260427_append_shiyanqing_group_voice','2026-04-18 21:02:36.929','2026-04-27 17:18:21.000'),(264,31,1,'VOICE','qwUserId_RLike','suiyiru,zhaoyuqing,liuyue,zhangtiange,zhengshili,peixiaojiao,wenxujuan,lihuichao,yanglifang,wangying,mufuqiang,shudie,xujie,zhouxu,xiewenhao,zhouyiting,youyihan,maiwei,lihongfu,xianghao,safangyi,zhangfuyi,chenke,taomeiyi,liuyongqi,zhangyangming,wujianpeng,zhengweipeng,jishending,lishidong,mupenglin,wujianxin,majun,xiejiaao,shiyanqing,zhutiantian,liupengxuan,huhuiqi',NULL,'https://kkhc.tos-cn-beijing.volces.com/eps-juzibot/permanent/material/%36%39%65%33%38%30%65%64%33%38%37%36%30%32%65%64%37%64%63%61%30%64%32%38.silk','https://drh.likeduoduiyi.cn/homework/voice/3d5e7ff01b07433ab605a0ca7b522b24.m4a',84000,NULL,NULL,84000,1,'api','online_sql_20260427_append_shiyanqing_group_voice','2026-04-18 21:02:38.570','2026-04-27 17:18:21.000'),(265,31,2,'VOICE','qwUserId_RLike','suiyiru,zhaoyuqing,liuyue,zhangtiange,zhengshili,peixiaojiao,wenxujuan,lihuichao,yanglifang,wangying,mufuqiang,shudie,xujie,zhouxu,xiewenhao,zhouyiting,youyihan,maiwei,lihongfu,xianghao,safangyi,zhangfuyi,chenke,taomeiyi,liuyongqi,zhangyangming,wujianpeng,zhengweipeng,jishending,lishidong,mupenglin,wujianxin,majun,xiejiaao,shiyanqing,zhutiantian,liupengxuan,huhuiqi',NULL,'https://kkhc.tos-cn-beijing.volces.com/eps-juzibot/permanent/material/%36%39%65%33%38%30%65%66%33%38%37%36%30%32%65%64%37%64%63%61%30%65%33%31.silk','https://drh.likeduoduiyi.cn/homework/voice/9f0311c22d2e429791ede67f962dce3d.m4a',60000,NULL,NULL,60000,1,'api','online_sql_20260427_append_shiyanqing_group_voice','2026-04-18 21:02:40.068','2026-04-27 17:18:21.000'),(266,31,3,'VOICE','qwUserId_RLike','suiyiru,zhaoyuqing,liuyue,zhangtiange,zhengshili,peixiaojiao,wenxujuan,lihuichao,yanglifang,wangying,mufuqiang,shudie,xujie,zhouxu,xiewenhao,zhouyiting,youyihan,maiwei,lihongfu,xianghao,safangyi,zhangfuyi,chenke,taomeiyi,liuyongqi,zhangyangming,wujianpeng,zhengweipeng,jishending,lishidong,mupenglin,wujianxin,majun,xiejiaao,shiyanqing,zhutiantian,liupengxuan,huhuiqi',NULL,'https://kkhc.tos-cn-beijing.volces.com/eps-juzibot/permanent/material/%36%39%65%33%38%30%66%30%33%38%37%36%30%32%65%64%37%64%63%61%30%66%30%30.silk','https://drh.likeduoduiyi.cn/homework/voice/bb120adbff4c492e9c57342ad5f85cc9.m4a',71000,NULL,NULL,71000,1,'api','online_sql_20260427_append_shiyanqing_group_voice','2026-04-18 21:02:41.571','2026-04-27 17:18:21.000'),(267,26,11,'TEXT','lastDayCompleteHomeWork','true','同学，这几天课程跟的很好，学习进步了很多，您可以跟着带练视频继续练习，相信在老师的指导下，您肯定会越练越有进步的，继续加油哦，期待您后三节课的表现啦！',NULL,NULL,NULL,NULL,NULL,10000,1,'api','api','2026-04-18 21:38:42.562','2026-04-18 21:38:42.562'),(268,26,12,'TEXT','lastDayCompleteHomeWork','false','你可以跟着带练视频多练习，一定会越来越棒，继续加油！接下来就是进阶课了，期待你后三节课的表现。',NULL,NULL,NULL,NULL,NULL,10000,1,'api','api','2026-04-18 21:38:42.622','2026-04-18 21:38:42.622'),(269,26,2,'VOICE','lastDayCompleteHomeWork&&qwUserId_RLike','true&&wujianpeng,zhengweipeng,jishending,lishidong,mupenglin',NULL,'https://kkhc.tos-cn-beijing.volces.com/eps-juzibot/permanent/material/%36%39%65%34%31%61%35%62%37%34%31%33%64%64%63%31%66%61%63%32%61%62%61%63.silk','https://drh.likeduoduiyi.cn/homework/voice/adb54ee3d8044dadafddfa7e923b0821.mp3',17000,NULL,NULL,17000,0,'api','api','2026-04-19 07:57:16.475','2026-04-19 08:04:37.719'),(270,26,3,'VOICE','lastDayCompleteHomeWork&&qwUserId_RLike','true&&wujianpeng,zhengweipeng,jishending,lishidong,mupenglin',NULL,'https://kkhc.tos-cn-beijing.volces.com/eps-juzibot/permanent/material/%36%39%65%34%31%61%35%64%31%64%37%39%64%33%33%64%32%63%37%38%64%64%38%36.silk','https://drh.likeduoduiyi.cn/homework/voice/9b4e6ebf21a543358b055dd75335e1a1.mp3',31000,NULL,NULL,31000,0,'api','api','2026-04-19 07:57:18.233','2026-04-19 08:04:37.857'),(271,26,4,'VOICE','lastDayCompleteHomeWork&&qwUserId_RLike','true&&wujianpeng,zhengweipeng,jishending,lishidong,mupenglin',NULL,'https://kkhc.tos-cn-beijing.volces.com/eps-juzibot/permanent/material/%36%39%65%34%31%61%35%65%37%34%31%33%64%64%63%31%66%61%63%32%61%62%65%62.silk','https://drh.likeduoduiyi.cn/homework/voice/268c10f268234967b35f88538e557b98.mp3',17000,NULL,NULL,17000,0,'api','api','2026-04-19 07:57:19.549','2026-04-19 08:04:37.971'),(272,26,6,'VOICE','lastDayCompleteHomeWork&&qwUserId_RLike','false&&wujianpeng,zhengweipeng,jishending,lishidong,mupenglin',NULL,'https://kkhc.tos-cn-beijing.volces.com/eps-juzibot/permanent/material/%36%39%65%34%31%61%36%30%33%63%38%63%65%33%63%63%30%32%33%61%30%38%65%61.silk','https://drh.likeduoduiyi.cn/homework/voice/78064314dbec47e9ba00ce873035c721.mp3',17000,NULL,NULL,17000,0,'api','api','2026-04-19 07:57:20.907','2026-04-19 08:04:38.081'),(273,26,7,'VOICE','lastDayCompleteHomeWork&&qwUserId_RLike','false&&wujianpeng,zhengweipeng,jishending,lishidong,mupenglin',NULL,'https://kkhc.tos-cn-beijing.volces.com/eps-juzibot/permanent/material/%36%39%65%34%31%61%36%31%37%34%31%33%64%64%63%31%66%61%63%32%61%63%33%65.silk','https://drh.likeduoduiyi.cn/homework/voice/073f1d141fa44a3db24d44acdc6353a3.mp3',31000,NULL,NULL,31000,0,'api','api','2026-04-19 07:57:22.585','2026-04-19 08:04:38.195'),(274,26,8,'VOICE','lastDayCompleteHomeWork&&qwUserId_RLike','false&&wujianpeng,zhengweipeng,jishending,lishidong,mupenglin',NULL,'https://kkhc.tos-cn-beijing.volces.com/eps-juzibot/permanent/material/%36%39%65%34%31%61%36%33%31%64%37%39%64%33%33%64%32%63%37%38%64%64%63%66.silk','https://drh.likeduoduiyi.cn/homework/voice/5511b81bfe624e948b05a244c90c06c3.mp3',17000,NULL,NULL,17000,0,'api','api','2026-04-19 07:57:23.730','2026-04-19 08:04:38.307'),(275,26,9,'VOICE','lastDayCompleteHomeWork&&qwUserId_RLike','false&&wujianpeng,zhengweipeng,jishending,lishidong,mupenglin',NULL,'https://kkhc.tos-cn-beijing.volces.com/eps-juzibot/permanent/material/%36%39%65%34%31%61%36%34%37%34%31%33%64%64%63%31%66%61%63%32%61%63%38%31.silk','https://drh.likeduoduiyi.cn/homework/voice/f111e9b3e15640c090cbc5cf45039c32.mp3',54000,NULL,NULL,54000,0,'api','api','2026-04-19 07:57:25.772','2026-04-19 08:04:38.420'),(276,26,2,'VOICE','lastDayCompleteHomeWork&&qwUserId_RLike','true&&wujianpeng,zhengweipeng,jishending,lishidong,mupenglin',NULL,'https://kkhc.tos-cn-beijing.volces.com/eps-juzibot/permanent/material/%36%39%65%34%31%63%31%36%31%64%37%39%64%33%33%64%32%63%37%61%30%61%37%63.silk','https://drh.likeduoduiyi.cn/homework/voice/552a7ceb81894caf95ef74f23ab17ae8.mp3',17000,NULL,NULL,17000,0,'api','online_sql_20260423_merge_wujian_group_voice','2026-04-19 08:04:39.696','2026-04-23 18:21:51.000'),(277,26,3,'VOICE','lastDayCompleteHomeWork&&qwUserId_RLike','true&&wujianpeng,zhengweipeng,jishending,lishidong,mupenglin',NULL,'https://kkhc.tos-cn-beijing.volces.com/eps-juzibot/permanent/material/%36%39%65%34%31%63%31%39%37%34%31%33%64%64%63%31%66%61%63%34%33%65%38%32.silk','https://drh.likeduoduiyi.cn/homework/voice/bb20b61278cc49468d0c9d673df66da4.mp3',31000,NULL,NULL,31000,0,'api','online_sql_20260423_merge_wujian_group_voice','2026-04-19 08:04:42.363','2026-04-23 18:21:51.000'),(278,26,4,'VOICE','lastDayCompleteHomeWork&&qwUserId_RLike','true&&wujianpeng,zhengweipeng,jishending,lishidong,mupenglin',NULL,'https://kkhc.tos-cn-beijing.volces.com/eps-juzibot/permanent/material/%36%39%65%34%31%63%31%62%33%63%38%63%65%33%63%63%30%32%33%62%35%62%63%66.silk','https://drh.likeduoduiyi.cn/homework/voice/d44ee3a3c2b34721932d80919e21b737.mp3',17000,NULL,NULL,17000,0,'api','online_sql_20260423_merge_wujian_group_voice','2026-04-19 08:04:43.852','2026-04-23 18:21:51.000'),(279,26,5,'VOICE','lastDayCompleteHomeWork&&qwUserId_RLike','true&&wujianpeng,zhengweipeng,jishending,lishidong,mupenglin',NULL,'https://kkhc.tos-cn-beijing.volces.com/eps-juzibot/permanent/material/%36%39%65%34%31%63%31%63%37%34%31%33%64%64%63%31%66%61%63%34%34%32%63%39.silk','https://drh.likeduoduiyi.cn/homework/voice/80fe0ee34a47495c93c0fce72ce19602.mp3',54000,NULL,NULL,54000,0,'api','online_sql_20260423_merge_wujian_group_voice','2026-04-19 08:04:46.037','2026-04-23 18:21:51.000'),(280,26,6,'VOICE','lastDayCompleteHomeWork&&qwUserId_RLike','false&&wujianpeng,zhengweipeng,jishending,lishidong,mupenglin',NULL,'https://kkhc.tos-cn-beijing.volces.com/eps-juzibot/permanent/material/%36%39%65%34%31%63%31%65%31%64%37%39%64%33%33%64%32%63%37%61%30%65%61%62.silk','https://drh.likeduoduiyi.cn/homework/voice/dba347dcea9e48209637cc44e64ddf3e.mp3',17000,NULL,NULL,17000,0,'api','online_sql_20260423_merge_wujian_group_voice','2026-04-19 08:04:47.405','2026-04-23 18:21:51.000'),(281,26,7,'VOICE','lastDayCompleteHomeWork&&qwUserId_RLike','false&&wujianpeng,zhengweipeng,jishending,lishidong,mupenglin',NULL,'https://kkhc.tos-cn-beijing.volces.com/eps-juzibot/permanent/material/%36%39%65%34%31%63%32%30%33%63%38%63%65%33%63%63%30%32%33%62%35%65%62%63.silk','https://drh.likeduoduiyi.cn/homework/voice/57fb17eb475b467cbfd8e9176445af96.mp3',31000,NULL,NULL,31000,0,'api','online_sql_20260423_merge_wujian_group_voice','2026-04-19 08:04:49.086','2026-04-23 18:21:51.000'),(282,26,8,'VOICE','lastDayCompleteHomeWork&&qwUserId_RLike','false&&wujianpeng,zhengweipeng,jishending,lishidong,mupenglin',NULL,'https://kkhc.tos-cn-beijing.volces.com/eps-juzibot/permanent/material/%36%39%65%34%31%63%32%31%37%34%31%33%64%64%63%31%66%61%63%34%34%36%38%32.silk','https://drh.likeduoduiyi.cn/homework/voice/d0a0c67ebcc54db5950cbeca7c44a515.mp3',17000,NULL,NULL,17000,0,'api','online_sql_20260423_merge_wujian_group_voice','2026-04-19 08:04:50.293','2026-04-23 18:21:51.000'),(283,26,9,'VOICE','lastDayCompleteHomeWork&&qwUserId_RLike','false&&wujianpeng,zhengweipeng,jishending,lishidong,mupenglin',NULL,'https://kkhc.tos-cn-beijing.volces.com/eps-juzibot/permanent/material/%36%39%65%34%31%63%32%32%37%34%31%33%64%64%63%31%66%61%63%34%34%39%37%31.silk','https://drh.likeduoduiyi.cn/homework/voice/7c32d987b9b442ebb5da968e6c632e89.mp3',54000,NULL,NULL,54000,0,'api','online_sql_20260423_merge_wujian_group_voice','2026-04-19 08:04:52.262','2026-04-23 18:21:51.000'),(284,31,1,'VOICE','qwUserId_RLike','wujianpeng,zhengweipeng,jishending,lishidong,mupenglin',NULL,'https://kkhc.tos-cn-beijing.volces.com/eps-juzibot/permanent/material/%36%39%65%35%66%32%62%34%33%63%38%63%65%33%63%63%30%32%64%61%36%35%62%37.silk','https://drh.likeduoduiyi.cn/homework/voice/23386c02ffa2415a98f0883620f28051.mp3',40000,NULL,NULL,40000,0,'api','online_sql_20260423_merge_wujian_group_voice','2026-04-20 17:32:37.621','2026-04-23 18:21:51.000'),(285,31,2,'VOICE','qwUserId_RLike','wujianpeng,zhengweipeng,jishending,lishidong,mupenglin',NULL,'https://kkhc.tos-cn-beijing.volces.com/eps-juzibot/permanent/material/%36%39%65%35%66%32%62%36%31%64%37%39%64%33%33%64%32%63%66%65%63%32%65%66.silk','https://drh.likeduoduiyi.cn/homework/voice/997bab470bd64d41bd52b1a2e1a835d8.mp3',42000,NULL,NULL,42000,0,'api','online_sql_20260423_merge_wujian_group_voice','2026-04-20 17:32:39.797','2026-04-23 18:21:51.000'),(286,31,3,'VOICE','qwUserId_RLike','wujianpeng,zhengweipeng,jishending,lishidong,mupenglin',NULL,'https://kkhc.tos-cn-beijing.volces.com/eps-juzibot/permanent/material/%36%39%65%35%66%32%62%38%33%63%38%63%65%33%63%63%30%32%64%61%36%39%31%61.silk','https://drh.likeduoduiyi.cn/homework/voice/bce52c5023064a5a89eb0b70bc65cf1a.mp3',27000,NULL,NULL,27000,0,'api','online_sql_20260423_merge_wujian_group_voice','2026-04-20 17:32:41.397','2026-04-23 18:21:51.000'),(287,26,2,'TEXT','lastDayCompleteHomeWork&&qwUserId_RLike','true&&default','同学，你好，对比您之前提交的作业，老师明显的已经感觉到您的歌唱技巧现在已经越来越成熟了，鼻腔共鸣呢也开始运用起来了，不过咱们现在在一些长音的部分还是可以试着让声音更加集中的让我们的音色更加丰富。',NULL,NULL,NULL,NULL,NULL,10000,1,'api','api','2026-04-22 18:09:19.390','2026-04-22 18:09:19.390'),(288,26,3,'TEXT','lastDayCompleteHomeWork&&qwUserId_RLike','true&&default','虽然你现在共鸣用的还不多，但是老师已经听出来你现在对声音已经有积极效果了，声音位置有明显的变高，也更有立体感，您可以自己感受一下。',NULL,NULL,NULL,NULL,NULL,10000,1,'api','api','2026-04-22 18:09:19.506','2026-04-22 18:09:19.506'),(289,26,4,'TEXT','lastDayCompleteHomeWork&&qwUserId_RLike','true&&default','同学，像啃食法呢，其实非常简单易操作，唱歌时每个字每个音我们都要用上刚开始你可能会觉得不习惯或者不舒服，我们多多练习就会慢慢形成习惯的。以后唱歌呢声音也会更立体继续加油练习哈',NULL,NULL,NULL,NULL,NULL,10000,1,'api','api','2026-04-22 18:09:19.586','2026-04-22 18:09:19.586'),(290,26,6,'TEXT','lastDayCompleteHomeWork&&qwUserId_RLike','false&&default','同学，你好，对比您之前提交的作业，老师明显的已经感觉到您的歌唱技巧现在已经越来越成熟了，鼻腔共鸣呢也开始运用起来了，不过咱们现在在一些长音的部分还是可以试着让声音更加集中的让我们的音色更加丰富。',NULL,NULL,NULL,NULL,NULL,10000,1,'api','api','2026-04-22 18:09:19.674','2026-04-22 18:09:19.674'),(291,26,7,'TEXT','lastDayCompleteHomeWork&&qwUserId_RLike','false&&default','虽然你现在共鸣用的还不多，但是老师已经听出来你现在对声音已经有积极效果了，声音位置有明显的变高，也更有立体感，您可以自己感受一下。',NULL,NULL,NULL,NULL,NULL,10000,1,'api','api','2026-04-22 18:09:19.778','2026-04-22 18:09:19.778'),(292,26,8,'TEXT','lastDayCompleteHomeWork&&qwUserId_RLike','false&&default','同学，像啃食法呢，其实非常简单易操作，唱歌时每个字每个音我们都要用上刚开始你可能会觉得不习惯或者不舒服，我们多多练习就会慢慢形成习惯的。以后唱歌呢声音也会更立体继续加油练习哈',NULL,NULL,NULL,NULL,NULL,10000,1,'api','api','2026-04-22 18:09:19.869','2026-04-22 18:09:19.869'),(293,23,3,'VOICE','lastDayCompleteHomeWork&&qwUserId_RLike','true&&suiyiru,zhaoyuqing,liuyue,zhangtiange,zhengshili,peixiaojiao,wenxujuan,lihuichao,yanglifang,wangying,mufuqiang,shudie,xujie,zhouxu,xiewenhao,zhouyiting,youyihan,maiwei,lihongfu,xianghao,safangyi,zhangfuyi,chenke,taomeiyi,liuyongqi,zhangyangming,wujianpeng,zhengweipeng,jishending,lishidong,mupenglin,wujianxin,majun,xiejiaao,shiyanqing,zhutiantian,liupengxuan,huhuiqi',NULL,'https://kkhc.tos-cn-beijing.volces.com/eps-juzibot/permanent/material/%36%39%65%38%63%66%64%38%37%34%31%33%64%64%63%31%66%61%61%33%35%38%65%30.silk','https://drh.likeduoduiyi.cn/homework/voice/30674db2f4aa41ef867b1a71952d735a.m4a',24000,NULL,NULL,24000,1,'api','online_sql_20260427_append_shiyanqing_group_voice','2026-04-22 21:40:41.610','2026-04-27 17:18:21.000'),(294,23,4,'VOICE','lastDayCompleteHomeWork&&qwUserId_RLike','true&&suiyiru,zhaoyuqing,liuyue,zhangtiange,zhengshili,peixiaojiao,wenxujuan,lihuichao,yanglifang,wangying,mufuqiang,shudie,xujie,zhouxu,xiewenhao,zhouyiting,youyihan,maiwei,lihongfu,xianghao,safangyi,zhangfuyi,chenke,taomeiyi,liuyongqi,zhangyangming,wujianpeng,zhengweipeng,jishending,lishidong,mupenglin,wujianxin,majun,xiejiaao,shiyanqing,zhutiantian,liupengxuan,huhuiqi',NULL,'https://kkhc.tos-cn-beijing.volces.com/eps-juzibot/permanent/material/%36%39%65%38%63%66%64%61%33%38%37%36%30%32%65%64%37%64%37%38%38%63%64%33.silk','https://drh.likeduoduiyi.cn/homework/voice/955942f770614d4a9eaae9a23ba8bcb9.m4a',38000,NULL,NULL,38000,1,'api','online_sql_20260427_append_shiyanqing_group_voice','2026-04-22 21:40:42.920','2026-04-27 17:18:21.000'),(295,23,5,'VOICE','lastDayCompleteHomeWork&&qwUserId_RLike','true&&suiyiru,zhaoyuqing,liuyue,zhangtiange,zhengshili,peixiaojiao,wenxujuan,lihuichao,yanglifang,wangying,mufuqiang,shudie,xujie,zhouxu,xiewenhao,zhouyiting,youyihan,maiwei,lihongfu,xianghao,safangyi,zhangfuyi,chenke,taomeiyi,liuyongqi,zhangyangming,wujianpeng,zhengweipeng,jishending,lishidong,mupenglin,wujianxin,majun,xiejiaao,shiyanqing,zhutiantian,liupengxuan,huhuiqi',NULL,'https://kkhc.tos-cn-beijing.volces.com/eps-juzibot/permanent/material/%36%39%65%38%63%66%64%62%66%31%66%32%37%31%33%34%32%37%37%36%38%30%35%36.silk','https://drh.likeduoduiyi.cn/homework/voice/84234524b04a454c91927519269c7c0d.m4a',42000,NULL,NULL,42000,1,'api','online_sql_20260427_append_shiyanqing_group_voice','2026-04-22 21:40:44.180','2026-04-27 17:18:21.000'),(296,23,6,'VOICE','lastDayCompleteHomeWork&&qwUserId_RLike','false&&suiyiru,zhaoyuqing,liuyue,zhangtiange,zhengshili,peixiaojiao,wenxujuan,lihuichao,yanglifang,wangying,mufuqiang,shudie,xujie,zhouxu,xiewenhao,zhouyiting,youyihan,maiwei,lihongfu,xianghao,safangyi,zhangfuyi,chenke,taomeiyi,liuyongqi,zhangyangming,wujianpeng,zhengweipeng,jishending,lishidong,mupenglin,wujianxin,majun,xiejiaao,shiyanqing,zhutiantian,liupengxuan,huhuiqi',NULL,'https://kkhc.tos-cn-beijing.volces.com/eps-juzibot/permanent/material/%36%39%65%38%63%66%64%38%37%34%31%33%64%64%63%31%66%61%61%33%35%38%65%30.silk','https://drh.likeduoduiyi.cn/homework/voice/30674db2f4aa41ef867b1a71952d735a.m4a',24000,NULL,NULL,24000,1,'api','online_sql_20260427_append_shiyanqing_group_voice','2026-04-22 21:40:45.651','2026-04-27 17:18:21.000'),(297,23,7,'VOICE','lastDayCompleteHomeWork&&qwUserId_RLike','false&&suiyiru,zhaoyuqing,liuyue,zhangtiange,zhengshili,peixiaojiao,wenxujuan,lihuichao,yanglifang,wangying,mufuqiang,shudie,xujie,zhouxu,xiewenhao,zhouyiting,youyihan,maiwei,lihongfu,xianghao,safangyi,zhangfuyi,chenke,taomeiyi,liuyongqi,zhangyangming,wujianpeng,zhengweipeng,jishending,lishidong,mupenglin,wujianxin,majun,xiejiaao,shiyanqing,zhutiantian,liupengxuan,huhuiqi',NULL,'https://kkhc.tos-cn-beijing.volces.com/eps-juzibot/permanent/material/%36%39%65%38%63%66%64%61%33%38%37%36%30%32%65%64%37%64%37%38%38%63%64%33.silk','https://drh.likeduoduiyi.cn/homework/voice/955942f770614d4a9eaae9a23ba8bcb9.m4a',38000,NULL,NULL,38000,1,'api','online_sql_20260427_append_shiyanqing_group_voice','2026-04-22 21:40:46.978','2026-04-27 17:18:21.000'),(298,23,8,'VOICE','lastDayCompleteHomeWork&&qwUserId_RLike','false&&suiyiru,zhaoyuqing,liuyue,zhangtiange,zhengshili,peixiaojiao,wenxujuan,lihuichao,yanglifang,wangying,mufuqiang,shudie,xujie,zhouxu,xiewenhao,zhouyiting,youyihan,maiwei,lihongfu,xianghao,safangyi,zhangfuyi,chenke,taomeiyi,liuyongqi,zhangyangming,wujianpeng,zhengweipeng,jishending,lishidong,mupenglin,wujianxin,majun,xiejiaao,shiyanqing,zhutiantian,liupengxuan,huhuiqi',NULL,'https://kkhc.tos-cn-beijing.volces.com/eps-juzibot/permanent/material/%36%39%65%38%63%66%64%62%66%31%66%32%37%31%33%34%32%37%37%36%38%30%35%36.silk','https://drh.likeduoduiyi.cn/homework/voice/84234524b04a454c91927519269c7c0d.m4a',42000,NULL,NULL,42000,1,'api','online_sql_20260427_append_shiyanqing_group_voice','2026-04-22 21:40:48.240','2026-04-27 17:18:21.000'),(299,23,9,'VOICE','lastDayCompleteHomeWork&&qwUserId_RLike','false&&suiyiru,zhaoyuqing,liuyue,zhangtiange,zhengshili,peixiaojiao,wenxujuan,lihuichao,yanglifang,wangying,mufuqiang,shudie,xujie,zhouxu,xiewenhao,zhouyiting,youyihan,maiwei,lihongfu,xianghao,safangyi,zhangfuyi,chenke,taomeiyi,liuyongqi,zhangyangming',NULL,'https://kkhc.tos-cn-beijing.volces.com/eps-juzibot/permanent/material/%36%39%65%38%63%66%65%31%33%38%37%36%30%32%65%64%37%64%37%38%38%66%64%64.silk','https://drh.likeduoduiyi.cn/homework/voice/41d957c4e29b46ea933d501c77b54077.m4a',46000,NULL,NULL,46000,0,'api','online_sql_20260423_day2_all_groups_false_use_own_true_voice','2026-04-22 21:40:49.888','2026-04-23 16:55:17.000'),(300,18,2,'VOICE','','',NULL,'https://kkhc.tos-cn-beijing.volces.com/eps-juzibot/permanent/material/%36%39%65%39%65%34%61%37%66%31%66%32%37%31%33%34%32%37%62%62%38%35%38%34.silk','https://drh.likeduoduiyi.cn/homework/voice/4814da26c49e44258f696975a0627dcc.m4a',33088,NULL,NULL,33088,0,'admin','admin','2026-04-23 17:21:45.130','2026-04-23 17:22:25.185'),(301,18,3,'VOICE','','',NULL,'https://kkhc.tos-cn-beijing.volces.com/eps-juzibot/permanent/material/%36%39%65%39%65%34%63%30%66%31%66%32%37%31%33%34%32%37%62%62%38%66%30%31.silk','https://drh.likeduoduiyi.cn/homework/voice/2339a680f33942b4a8790971d89e6ae6.m4a',15424,NULL,NULL,15424,0,'admin','admin','2026-04-23 17:22:09.257','2026-04-23 17:22:22.409'),(302,45,3,'IMAGE','','',NULL,'https://kkhc.tos-cn-beijing.volces.com/mh/permanent/material/6ba83fa1-2c68-49f1-963e-3234d10b6068/%34%64%64%61%32%38%61%38%32%35%66%39%34%66%33%39%38%32%63%30%33%39%39%64%63%65%37%35%36%39%61%32.jpg','https://drh.likeduoduiyi.cn/homework/file/4dda28a825f94f3982c0399dce7569a2.jpg',NULL,NULL,NULL,2000,0,'admin','admin','2026-05-19 17:40:09.571','2026-05-19 17:41:14.736');
/*!40000 ALTER TABLE `drh_ai_config_homework_action` ENABLE KEYS */;
UNLOCK TABLES;

--
-- Dumping data for table `drh_ai_config_homework_route`
--

LOCK TABLES `drh_ai_config_homework_route` WRITE;
/*!40000 ALTER TABLE `drh_ai_config_homework_route` DISABLE KEYS */;
INSERT INTO `drh_ai_config_homework_route` (`id`, `day_num`, `comment_index`, `comment_match_type`, `match_key`, `match_value`, `sku_id`, `strategy_id`, `enabled`, `created_by`, `updated_by`, `created_at`, `updated_at`) VALUES (14,1,1,'EQ','homeworkDayRelation','CURRENT','4',2,1,'admin','admin','2026-03-27 16:17:05.339','2026-04-16 17:04:47.843'),(15,1,2,'EQ','homeworkDayRelation','CURRENT','4',4,1,'admin','admin','2026-03-27 16:17:49.570','2026-04-16 17:04:47.843'),(16,1,3,'GTE','homeworkDayRelation','CURRENT','4',6,1,'admin','admin','2026-03-27 16:18:07.217','2026-04-16 17:04:47.843'),(17,2,1,'EQ','homeworkDayRelation','CURRENT','4',8,1,'admin','admin','2026-03-27 16:18:29.627','2026-04-16 17:04:47.843'),(18,2,2,'EQ','homeworkDayRelation','CURRENT','4',9,1,'admin','admin','2026-03-27 16:18:48.747','2026-04-16 17:04:47.843'),(19,2,3,'GTE','homeworkDayRelation','CURRENT','4',10,1,'admin','admin','2026-03-27 16:19:03.729','2026-04-16 17:04:47.843'),(20,3,1,'EQ','homeworkDayRelation','CURRENT','4',11,1,'admin','admin','2026-03-27 16:19:45.105','2026-04-16 17:04:47.843'),(21,3,2,'EQ','homeworkDayRelation','CURRENT','4',12,1,'admin','admin','2026-03-27 16:19:57.079','2026-04-16 17:04:47.843'),(22,3,3,'GTE','homeworkDayRelation','CURRENT','4',13,1,'admin','admin','2026-03-27 16:20:13.308','2026-04-16 17:04:47.843'),(23,4,1,'EQ','homeworkDayRelation','CURRENT','4',14,1,'admin','admin','2026-03-27 16:20:59.055','2026-04-16 17:04:47.843'),(24,4,2,'GTE','homeworkDayRelation','CURRENT','4',17,1,'admin','admin','2026-03-27 16:21:45.653','2026-04-16 17:04:47.843'),(25,5,1,'GTE','homeworkDayRelation','CURRENT','4',15,1,'admin','admin','2026-03-27 16:22:06.731','2026-04-16 17:04:47.843'),(26,6,1,'GTE','homeworkDayRelation','CURRENT','4',16,1,'admin','admin','2026-03-27 16:22:17.594','2026-04-16 17:04:47.843'),(27,5,1,'EQ','homeworkDayRelation','FUTURE','4',18,1,'admin','admin','2026-03-27 16:38:32.889','2026-04-16 17:04:47.843'),(28,1,1,'EQ','homeworkDayRelation','CURRENT','5',20,1,'online_sql_20260416','online_sql_20260416','2026-04-16 17:04:47.848','2026-04-16 17:04:47.848'),(29,1,2,'EQ','homeworkDayRelation','CURRENT','5',21,1,'online_sql_20260416','online_sql_20260416','2026-04-16 17:04:47.848','2026-04-16 17:04:47.848'),(30,1,3,'GTE','homeworkDayRelation','CURRENT','5',22,1,'online_sql_20260416','online_sql_20260416','2026-04-16 17:04:47.848','2026-04-16 17:04:47.848'),(31,2,1,'EQ','homeworkDayRelation','CURRENT','5',23,1,'online_sql_20260416','online_sql_20260416','2026-04-16 17:04:47.848','2026-04-16 17:04:47.848'),(32,2,2,'EQ','homeworkDayRelation','CURRENT','5',24,1,'online_sql_20260416','online_sql_20260416','2026-04-16 17:04:47.848','2026-04-16 17:04:47.848'),(33,2,3,'GTE','homeworkDayRelation','CURRENT','5',25,1,'online_sql_20260416','online_sql_20260416','2026-04-16 17:04:47.848','2026-04-16 17:04:47.848'),(34,3,1,'EQ','homeworkDayRelation','CURRENT','5',26,1,'online_sql_20260416','online_sql_20260416','2026-04-16 17:04:47.848','2026-04-16 17:04:47.848'),(35,3,2,'EQ','homeworkDayRelation','CURRENT','5',27,1,'online_sql_20260416','online_sql_20260416','2026-04-16 17:04:47.848','2026-04-16 17:04:47.848'),(36,3,3,'GTE','homeworkDayRelation','CURRENT','5',28,1,'online_sql_20260416','online_sql_20260416','2026-04-16 17:04:47.848','2026-04-16 17:04:47.848'),(37,4,1,'EQ','homeworkDayRelation','CURRENT','5',29,1,'online_sql_20260416','online_sql_20260416','2026-04-16 17:04:47.848','2026-04-16 17:04:47.848'),(38,5,1,'GTE','homeworkDayRelation','CURRENT','5',30,1,'online_sql_20260416','online_sql_20260416','2026-04-16 17:04:47.848','2026-04-16 17:04:47.848'),(39,6,1,'GTE','homeworkDayRelation','CURRENT','5',31,1,'online_sql_20260416','online_sql_20260416','2026-04-16 17:04:47.848','2026-04-16 17:04:47.848'),(40,4,2,'GTE','homeworkDayRelation','CURRENT','5',32,1,'online_sql_20260416','online_sql_20260416','2026-04-16 17:04:47.848','2026-04-16 17:04:47.848'),(41,5,1,'EQ','homeworkDayRelation','FUTURE','5',33,1,'online_sql_20260416','online_sql_20260416','2026-04-16 17:04:47.848','2026-04-16 17:04:47.848'),(43,2,1,'GTE','homeworkDayRelation','FUTURE','5',36,1,'admin','admin','2026-04-16 19:32:58.427','2026-04-16 19:32:58.427'),(44,3,1,'GTE','homeworkDayRelation','FUTURE','5',37,1,'admin','admin','2026-04-16 19:33:44.792','2026-04-16 19:33:44.792'),(45,4,1,'GTE','homeworkDayRelation','FUTURE','5',38,1,'admin','admin','2026-04-16 19:34:06.985','2026-04-16 19:34:06.985'),(46,5,1,'GTE','homeworkDayRelation','FUTURE','5',39,1,'admin','admin','2026-04-16 19:34:40.824','2026-04-16 19:34:40.824'),(47,6,1,'GTE','homeworkDayRelation','FUTURE','5',40,1,'admin','admin','2026-04-16 19:34:54.262','2026-04-16 19:34:54.262'),(48,1,1,'GTE','homeworkDayRelation','PAST','5',41,1,'admin','admin','2026-04-16 19:41:52.867','2026-04-16 19:41:52.867'),(49,2,1,'GTE','homeworkDayRelation','PAST','5',42,1,'admin','admin','2026-04-16 19:42:13.066','2026-04-16 19:42:13.066'),(50,3,1,'GTE','homeworkDayRelation','PAST','5',43,1,'admin','admin','2026-04-16 19:42:26.890','2026-04-16 19:42:26.890'),(51,4,1,'GTE','homeworkDayRelation','PAST','5',44,1,'admin','admin','2026-04-16 19:42:39.320','2026-04-16 19:42:39.320'),(52,5,1,'GTE','homeworkDayRelation','PAST','5',45,1,'admin','admin','2026-04-16 19:42:50.590','2026-04-16 19:42:50.590');
/*!40000 ALTER TABLE `drh_ai_config_homework_route` ENABLE KEYS */;
UNLOCK TABLES;
/*!40103 SET TIME_ZONE=@OLD_TIME_ZONE */;

/*!40101 SET SQL_MODE=@OLD_SQL_MODE */;
/*!40014 SET FOREIGN_KEY_CHECKS=@OLD_FOREIGN_KEY_CHECKS */;
/*!40014 SET UNIQUE_CHECKS=@OLD_UNIQUE_CHECKS */;
/*!40101 SET CHARACTER_SET_CLIENT=@OLD_CHARACTER_SET_CLIENT */;
/*!40101 SET CHARACTER_SET_RESULTS=@OLD_CHARACTER_SET_RESULTS */;
/*!40101 SET COLLATION_CONNECTION=@OLD_COLLATION_CONNECTION */;
/*!40111 SET SQL_NOTES=@OLD_SQL_NOTES */;

-- Dump completed on 2026-06-01 16:42:58
